Time,Magnitude,Place,Longitude,Latitude,Depth
2024-01-30 18:05:27.752,5.0,"157 km NW of Ternate, Indonesia",126.4795,1.8874,41.461
2024-01-30 16:27:00.010,4.6,"93 km N of Charlotte Amalie, U.S. Virgin Islands",-64.9718,19.19,28.0
2024-01-30 13:21:03.774,4.5,south of the Fiji Islands,179.755,-25.3061,524.413
2024-01-30 13:10:13.605,5.1,South Sandwich Islands region,-27.6187,-56.001,102.026
2024-01-30 12:58:32.912,4.9,South Sandwich Islands region,-25.9137,-57.3924,91.829
2024-01-30 10:45:36.274,4.5,northern Mid-Atlantic Ridge,-43.7994,11.7298,10.0
2024-01-30 10:36:39.284,4.7,"63 km WSW of Masachapa, Nicaragua",-87.046,11.5437,35.0
2024-01-30 06:47:46.247,4.6,"50 km E of Aras-asan, Philippines",126.7652,8.8001,68.689
2024-01-30 01:55:48.764,4.5,Fiji region,-177.6503,-18.8831,532.474
2024-01-30 00:47:04.017,4.7,"96 km S of Gataivai, Samoa",-172.5177,-14.6332,10.0
2024-01-30 00:41:20.600,4.9,west of Macquarie Island,142.9583,-54.2802,10.0
2024-01-29 23:17:07.455,4.5,"126 km WNW of Aykol, China",78.6747,41.2469,6.662
2024-01-29 22:27:41.948,5.7,"128 km WNW of Aykol, China",78.6388,41.1985,10.0
2024-01-29 21:38:33.921,4.5,"13 km NNW of San Agustín, El Salvador",-88.6575,13.5419,183.251
2024-01-29 21:18:39.139,4.5,Balleny Islands region,175.9435,-64.6719,10.0
2024-01-29 21:02:32.781,4.5,Southwest Indian Ridge,57.0586,-33.491,10.0
2024-01-29 20:03:05.077,4.8,"56 km SE of Hasaki, Japan",141.2952,35.3911,28.066
2024-01-29 20:00:52.820,4.6,"99 km N of Charlotte Amalie, U.S. Virgin Islands",-64.954,19.245,10.0
2024-01-29 17:43:30.091,4.5,"36 km SSW of Andalgalá, Argentina",-66.5064,-27.8601,161.545
2024-01-29 16:57:12.934,4.6,"272 km NNE of Ama, Japan",133.951,38.454,436.91
2024-01-29 15:19:18.799,4.5,"40 km S of Shizunai-furukawachō, Japan",142.3464,41.9718,64.566
2024-01-29 11:46:25.300,4.5,"Volcano Islands, Japan region",142.8867,23.5343,67.718
2024-01-29 11:40:30.064,4.5,"97 km NNE of Maketu, New Zealand",177.0317,-37.0203,253.648
2024-01-29 07:37:21.407,5.1,"116 km ENE of Barcelona, Philippines",127.445,8.4722,10.0
2024-01-29 06:01:47.710,4.5,southeast of the Loyalty Islands,173.6137,-22.3301,34.227
2024-01-29 04:42:01.572,4.9,"67 km NW of Finschhafen, Papua New Guinea",147.3865,-6.1593,70.137
2024-01-28 23:23:51.695,4.5,South Sandwich Islands region,-25.6949,-59.1671,35.0
2024-01-28 21:34:36.901,4.5,Reykjanes Ridge,-31.161,59.3688,10.0
2024-01-28 21:16:44.724,4.9,Easter Island region,-110.3498,-31.7928,10.0
2024-01-28 18:20:34.313,4.6,Pacific-Antarctic Ridge,-160.2007,-62.4801,10.0
2024-01-28 18:11:55.276,4.9,"46 km SW of Hualien City, Taiwan",121.3397,23.6302,7.388
2024-01-28 18:11:23.160,5.1,"48 km SW of Hualien City, Taiwan",121.3245,23.6212,7.2
2024-01-28 17:22:35.058,4.7,"68 km W of Ambunti, Papua New Guinea",142.2058,-4.153,118.571
2024-01-28 16:35:56.416,4.9,"232 km ESE of Tadine, New Caledonia",170.0627,-22.0662,10.0
2024-01-28 12:27:47.328,4.6,south of the Fiji Islands,-179.6641,-22.1217,596.5
2024-01-28 10:09:31.276,4.9,southern East Pacific Rise,-113.3576,-42.4313,10.0
2024-01-28 09:57:09.881,4.5,"13 km ENE of San Juan Volador, Mexico",-94.5257,18.3005,9.959
2024-01-28 09:38:56.538,6.5,"70 km W of Tarauacá, Brazil",-71.4005,-8.236,621.081
2024-01-28 08:17:55.788,4.5,"19 km W of Bahía Solano, Colombia",-77.5807,6.2056,21.804
2024-01-28 05:55:52.608,4.6,"28 km WSW of Tola, Nicaragua",-86.1664,11.3085,74.783
2024-01-28 04:28:14.111,4.5,south of the Fiji Islands,-179.7917,-23.3283,547.433
2024-01-28 04:27:59.455,4.6,"Maug Islands region, Northern Mariana Islands",144.8264,20.4154,182.488
2024-01-28 03:52:49.610,4.5,"190 km NE of The Valley, Anguilla",-61.745,19.4057,10.0
2024-01-28 02:16:42.030,4.8,north of Ascension Island,-12.9659,-1.6476,10.0
2024-01-28 01:01:45.996,4.6,north of Ascension Island,-13.323,-1.432,10.0
2024-01-28 00:51:12.773,4.6,Mid-Indian Ridge,69.167,-24.3439,10.0
2024-01-27 23:59:29.184,5.1,"11 km W of Ichihara, Japan",139.9558,35.5331,70.051
2024-01-27 19:05:24.341,4.5,"52 km ENE of Barcelona, Philippines",126.8384,8.4057,53.62
2024-01-27 18:59:43.823,4.9,"70 km E of Tobelo, Indonesia",128.638,1.7998,10.746
2024-01-27 18:45:57.001,4.5,"81 km NNW of Lae, Papua New Guinea",146.5994,-6.0993,90.102
2024-01-27 18:45:25.411,4.5,"36 km SSE of Sarangani, Philippines",125.5611,5.0869,181.731
2024-01-27 18:29:49.816,5.0,"102 km SSE of Sarangani, Philippines",125.7835,4.5353,163.893
2024-01-27 18:21:12.311,4.5,"124 km W of Panguna, Papua New Guinea",154.363,-6.3758,76.356
2024-01-27 17:18:22.326,4.9,"18 km NNE of Sape, Indonesia",119.0656,-8.4235,146.099
2024-01-27 17:10:49.094,4.7,"16 km S of Wewak, Papua New Guinea",143.6555,-3.6993,14.91
2024-01-27 16:44:27.578,4.5,"29 km ENE of Port-Olry, Vanuatu",167.3402,-14.9799,119.519
2024-01-27 16:17:42.877,4.5,"206 km S of Banjar, Indonesia",107.2371,-9.052,19.59
2024-01-27 16:13:56.297,5.4,"156 km NE of Neiafu, Tonga",-172.8025,-17.801,10.0
2024-01-27 15:19:05.741,4.5,Kuril Islands,154.2047,48.263,59.833
2024-01-27 13:52:38.060,4.7,South Sandwich Islands region,-27.6791,-55.7039,38.466
2024-01-27 09:33:17.652,5.4,"south of Java, Indonesia",113.3843,-11.6263,10.0
2024-01-27 09:03:04.008,4.6,"129 km WNW of Aykol, China",78.6244,41.2019,10.0
2024-01-27 07:15:27.412,4.5,"45 km S of Tinogasta, Argentina",-67.6098,-28.475,115.762
2024-01-27 05:52:48.419,6.1,"15 km W of Taxisco, Guatemala",-90.6159,14.0636,90.0
2024-01-27 05:28:45.074,4.5,"29 km S of Rasht, Tajikistan",70.392,38.7612,16.13
2024-01-27 05:19:19.465,5.1,"4 km S of Özdere, Turkey",27.1182,37.9756,11.291
2024-01-27 02:15:26.991,5.4,"138 km E of Madang, Papua New Guinea",147.0197,-5.4377,227.678
2024-01-27 01:36:45.009,5.1,"292 km NE of Fais, Micronesia",142.2431,11.7896,43.944
2024-01-26 23:44:55.342,4.9,Mid-Indian Ridge,78.6925,-35.2404,10.0
2024-01-26 20:38:04.769,4.6,central Mid-Atlantic Ridge,-31.3424,3.3435,10.0
2024-01-26 16:00:30.942,4.5,"128 km WNW of Aykol, China",78.6426,41.2054,6.274
2024-01-26 12:46:16.087,5.4,"Izu Islands, Japan region",141.5556,29.1244,45.09
2024-01-26 12:26:20.790,4.8,north of Ascension Island,-13.6427,-1.0484,10.0
2024-01-26 11:40:45.119,4.6,"116 km WNW of Aykol, China",78.8037,41.2585,10.0
2024-01-26 10:36:46.192,4.5,"120 km W of Aykol, China",78.7309,41.1536,10.0
2024-01-26 07:05:37.541,4.7,"11 km ENE of Solsona, Philippines",120.8758,18.1301,10.0
2024-01-26 06:22:16.085,4.6,"5 km N of Viña del Mar, Chile",-71.5506,-32.9763,50.351
2024-01-26 05:40:04.386,4.5,"10 km SSW of Anamizu, Japan",136.8406,37.1491,10.0
2024-01-26 03:07:19.508,4.5,south of the Fiji Islands,-178.2933,-26.6459,300.177
2024-01-26 01:57:20.474,5.1,"91 km NNE of Lae, Papua New Guinea",147.1839,-5.9203,94.358
2024-01-26 01:55:13.585,4.7,"130 km WNW of Aykol, China",78.6383,41.2564,1.358
2024-01-25 23:01:02.114,5.5,north of Ascension Island,-13.9615,-1.1487,10.0
2024-01-25 22:38:10.386,4.7,"132 km W of Aykol, China",78.5959,41.1999,10.0
2024-01-25 22:28:49.700,4.5,"113 km SW of Isangel, Vanuatu",168.4129,-20.1579,10.0
2024-01-25 22:08:05.260,4.7,"29 km S of La Libertad, El Salvador",-89.357,13.2268,80.334
2024-01-25 22:01:05.931,4.7,south of the Fiji Islands,-179.6542,-23.7394,521.296
2024-01-25 20:01:27.370,5.3,"112 km WNW of Aykol, China",78.8624,41.2627,10.0
2024-01-25 19:43:23.518,4.5,"Izu Islands, Japan region",139.7619,31.4888,10.0
2024-01-25 18:58:12.789,5.0,"67 km SSW of Ollagüe, Chile",-68.443,-21.807,121.034
2024-01-25 18:25:12.409,5.0,"98 km ESE of Kimbe, Papua New Guinea",150.8948,-6.0135,21.238
2024-01-25 17:51:58.843,4.7,"84 km W of San Antonio de los Cobres, Argentina",-67.1456,-24.1328,177.048
2024-01-25 17:00:43.411,5.4,"27 km SSE of Obock, Djibouti",43.3724,11.7346,10.0
2024-01-25 14:45:20.237,4.5,"16 km N of Tafí Viejo, Argentina",-65.2602,-26.5817,10.0
2024-01-25 14:41:28.546,4.6,"31 km S of Amlapura, Indonesia",115.6407,-8.736,122.306
2024-01-25 13:04:06.941,5.0,"19 km WNW of Sincik, Turkey",38.4224,38.1238,16.204
2024-01-25 12:48:24.515,4.6,"179 km NE of Neiafu, Tonga",-172.6904,-17.6054,10.0
2024-01-25 12:24:12.531,5.6,"89 km NW of Ende, Indonesia",121.1669,-8.2065,21.643
2024-01-25 06:46:55.990,4.6,northern East Pacific Rise,-104.0949,8.5613,10.0
2024-01-25 04:29:48.696,4.8,"16 km ESE of Nemuro, Japan",145.7559,43.2538,58.98
2024-01-25 04:06:56.450,4.5,northern Mid-Atlantic Ridge,-46.5057,16.619,10.0
2024-01-25 02:36:42.518,4.9,central Mid-Atlantic Ridge,-39.5683,8.5028,10.0
2024-01-25 02:28:03.925,4.8,central Mid-Atlantic Ridge,-39.4971,8.5245,10.0
2024-01-25 02:20:03.893,4.6,central Mid-Atlantic Ridge,-39.1116,8.7367,10.0
2024-01-25 01:43:50.877,4.5,"127 km WNW of Aykol, China",78.6744,41.2756,10.0
2024-01-25 01:24:34.948,4.9,"133 km WNW of Aykol, China",78.5806,41.2167,10.0
2024-01-25 00:56:21.867,4.7,"239 km SSW of Yanglong, China",97.0602,36.9455,10.0
2024-01-25 00:23:46.664,4.7,South Sandwich Islands region,-28.7025,-60.3662,10.006
2024-01-24 22:21:48.970,5.1,"127 km W of Aykol, China",78.6392,41.1193,7.536
2024-01-24 21:53:31.059,4.5,Kuril Islands,152.5862,47.3866,95.93
2024-01-24 19:27:16.824,4.5,southeast of Easter Island,-98.2423,-36.4475,10.0
2024-01-24 17:49:08.745,4.5,"129 km WNW of Aykol, China",78.6516,41.2563,10.0
2024-01-24 15:02:52.443,4.6,"230 km ESE of Attu Station, Alaska",176.4324,52.2294,119.163
2024-01-24 15:01:21.739,4.5,"129 km SSE of Kyzyl-Suu, Kyrgyzstan",78.6302,41.2775,10.615
2024-01-24 14:39:19.224,5.0,"155 km S of Vanimo, Papua New Guinea",141.2074,-4.0857,67.683
2024-01-24 14:30:11.583,4.5,"17 km SE of Dannevirke, New Zealand",176.272,-40.2982,10.0
2024-01-24 14:18:37.018,5.1,"25 km ESE of Dannevirke, New Zealand",176.388,-40.2643,10.0
2024-01-24 14:08:01.243,4.6,South Sandwich Islands region,-25.1032,-58.7849,26.375
2024-01-24 13:49:23.071,5.0,"201 km S of Banjar, Indonesia",107.2367,-9.0048,22.147
2024-01-24 13:36:23.954,4.6,"48 km NNW of Dededo Village, Guam",144.6994,13.9349,151.599
2024-01-24 11:19:26.454,4.5,"12 km NNW of Severskaya, Russia",38.6245,44.9619,10.0
2024-01-24 10:28:58.754,5.1,south of the Kermadec Islands,-179.0024,-32.4874,45.386
2024-01-24 10:07:19.727,4.5,Kermadec Islands region,-176.6594,-29.3996,10.0
2024-01-24 08:06:40.032,4.7,"64 km ENE of Loreto, Mexico",-110.7465,26.2192,10.0
2024-01-24 08:05:10.409,5.3,"41 km NE of Calama, Chile",-68.6463,-22.1872,113.11
2024-01-24 06:51:50.268,4.5,"63 km ENE of Loreto, Mexico",-110.7347,26.1557,10.0
2024-01-24 06:27:18.261,5.0,"170 km S of ‘Ohonua, Tonga",-174.9812,-22.8787,10.0
2024-01-24 05:24:39.401,4.5,southeast of the Loyalty Islands,171.0404,-22.522,10.0
2024-01-24 04:56:25.023,4.6,"126 km ENE of Petropavlovsk-Kamchatsky, Russia",160.3844,53.4965,55.748
2024-01-24 01:59:43.709,4.5,"84 km N of Lae, Papua New Guinea",147.1376,-5.9721,85.086
2024-01-24 01:48:31.029,5.0,"31 km ENE of Loreto, Mexico",-111.0477,26.1,10.0
2024-01-24 01:42:11.505,4.5,"95 km SE of Sucúa, Ecuador",-77.6843,-3.1744,10.0
2024-01-24 01:29:46.480,5.3,"299 km WSW of Tual, Indonesia",130.11,-6.2013,136.091
2024-01-24 00:04:11.991,4.6,"148 km SE of Pangai, Tonga",-173.4878,-20.8738,10.0
2024-01-23 23:50:06.334,4.5,"127 km SSE of Kyzyl-Suu, Kyrgyzstan",78.5626,41.271,10.0
2024-01-23 23:09:52.891,4.6,"34 km ESE of Rengo, Chile",-70.4929,-34.4809,121.727
2024-01-23 21:33:49.499,5.1,"66 km SSE of Akkeshi, Japan",145.0728,42.4583,33.702
2024-01-23 20:38:13.026,5.2,"131 km W of Aykol, China",78.5932,41.1299,10.0
2024-01-23 19:11:41.410,4.5,"124 km WNW of Aykol, China",78.7314,41.3288,10.0
2024-01-23 18:54:19.995,4.7,"40 km SSW of Port-Vila, Vanuatu",168.1072,-18.0422,41.673
2024-01-23 16:06:56.091,4.6,"82 km WSW of Coquimbo, Chile",-72.1573,-30.1633,10.375
2024-01-23 16:06:24.008,4.9,"Kermadec Islands, New Zealand",-178.4639,-29.7782,125.704
2024-01-23 15:26:29.426,5.1,"25 km SSW of Port-Vila, Vanuatu",168.1974,-17.9343,10.435
2024-01-23 15:22:26.387,5.0,"Volcano Islands, Japan region",141.3262,25.2791,144.706
2024-01-23 14:33:45.022,6.3,"39 km SW of Port-Vila, Vanuatu",168.0499,-17.9827,31.0
2024-01-23 14:30:17.986,4.5,"26 km E of Lamitan, Philippines",125.9406,6.1179,148.334
2024-01-23 14:26:02.713,4.6,south of the Fiji Islands,-179.5724,-22.6917,586.882
2024-01-23 13:47:18.515,4.5,"121 km SSE of Kyzyl-Suu, Kyrgyzstan",78.7015,41.379,4.118
2024-01-23 13:21:45.341,4.6,"281 km SSE of Port Blair, India",93.989,9.4331,10.0
2024-01-23 13:07:54.804,4.5,"272 km SSE of Port Blair, India",93.9579,9.5148,10.0
2024-01-23 12:09:29.168,4.6,"113 km WNW of Aykol, China",78.8369,41.2492,10.0
2024-01-23 11:38:37.486,4.5,"66 km NNE of Sanana, Indonesia",126.2728,-1.5368,10.0
2024-01-23 10:43:34.084,4.5,south of the Fiji Islands,-179.8136,-23.3749,530.084
2024-01-23 09:23:21.651,4.6,"130 km W of Aykol, China",78.5982,41.1438,10.0
2024-01-23 09:07:11.636,4.9,"119 km WNW of Aykol, China",78.766,41.239,10.0
2024-01-23 09:05:01.768,4.6,"67 km SSE of Padang, Indonesia",100.5675,-1.5186,88.018
2024-01-23 05:05:07.112,4.5,"97 km WSW of Coquimbo, Chile",-72.3177,-30.176,10.0
2024-01-23 04:48:58.601,4.5,south of the Fiji Islands,179.7666,-24.2821,546.387
2024-01-23 04:30:58.404,4.6,"Izu Islands, Japan region",141.896,32.4784,10.0
2024-01-23 04:18:31.639,4.5,South Sandwich Islands region,-25.0702,-59.0419,10.0
2024-01-23 04:07:20.413,4.8,"202 km SE of Fakfak, Indonesia",133.7644,-4.0114,10.0
2024-01-23 04:02:41.437,5.4,southeast of Easter Island,-100.7768,-36.0606,10.0
2024-01-23 04:01:22.322,4.7,"120 km WNW of Aykol, China",78.8068,41.3613,10.0
2024-01-23 01:52:56.467,4.5,"124 km WNW of Aykol, China",78.7466,41.354,10.0
2024-01-23 01:40:23.542,4.6,"125 km WNW of Aykol, China",78.6827,41.2376,10.0
2024-01-23 01:18:40.538,5.3,"119 km WNW of Aykol, China",78.7576,41.2353,3.426
2024-01-23 00:12:40.167,4.7,"127 km W of Aykol, China",78.6491,41.1899,10.0
2024-01-22 23:55:34.640,4.5,"131 km W of Aykol, China",78.5915,41.1675,9.183
2024-01-22 23:19:25.792,5.1,"121 km WNW of Aykol, China",78.7302,41.1968,7.148
2024-01-22 23:03:25.504,4.6,"122 km WNW of Aykol, China",78.7655,41.336,7.409
2024-01-22 22:30:11.367,5.4,"84 km WSW of Coquimbo, Chile",-72.1731,-30.1991,10.0
2024-01-22 22:05:08.235,4.5,"61 km SSW of Champerico, Guatemala",-92.0903,13.7626,34.469
2024-01-22 21:52:54.093,4.6,"57 km SSW of Champerico, Guatemala",-92.0793,13.8003,35.251
2024-01-22 21:49:15.709,4.5,"128 km SSE of Kyzyl-Suu, Kyrgyzstan",78.6414,41.2838,9.645
2024-01-22 21:43:05.717,5.2,"122 km WNW of Aykol, China",78.7236,41.2285,10.0
2024-01-22 21:38:36.584,4.5,"113 km WNW of Aykol, China",78.8771,41.3296,10.0
2024-01-22 21:16:44.640,4.9,"131 km WNW of Aykol, China",78.6,41.2049,10.0
2024-01-22 20:57:13.124,4.6,"118 km WNW of Aykol, China",78.8111,41.3163,10.0
2024-01-22 20:29:31.005,4.9,"123 km WNW of Aykol, China",78.7239,41.255,10.0
2024-01-22 19:40:36.529,4.7,"126 km WNW of Aykol, China",78.6727,41.2429,10.0
2024-01-22 19:36:47.834,5.5,"128 km WNW of Aykol, China",78.6438,41.2085,10.0
2024-01-22 19:05:50.061,4.7,"13 km N of Jordán, Colombia",-73.0861,6.8566,152.431
2024-01-22 18:50:43.143,4.8,"124 km WNW of Aykol, China",78.7512,41.3654,10.0
2024-01-22 18:42:33.209,5.4,"124 km WNW of Aykol, China",78.7444,41.3408,10.0
2024-01-22 18:39:02.968,4.6,"126 km WNW of Aykol, China",78.6748,41.247,10.0
2024-01-22 18:32:41.383,5.0,"137 km W of Aykol, China",78.5204,41.1517,10.0
2024-01-22 18:30:08.823,4.7,"129 km W of Aykol, China",78.6242,41.1614,10.0
2024-01-22 18:29:23.210,4.9,"125 km WNW of Aykol, China",78.678,41.1935,10.0
2024-01-22 18:27:22.563,4.6,"132 km W of Aykol, China",78.569,41.1176,10.0
2024-01-22 18:17:07.591,5.3,"131 km SSE of Kyzyl-Suu, Kyrgyzstan",78.5081,41.2209,10.0
2024-01-22 18:14:16.160,5.8,"129 km SSE of Kyzyl-Suu, Kyrgyzstan",78.6211,41.2703,10.0
2024-01-22 18:09:04.340,7.0,"128 km WNW of Aykol, China",78.6538,41.2555,13.0
2024-01-22 17:27:25.350,5.4,Carlsberg Ridge,63.3376,3.821,10.0
2024-01-22 16:13:41.668,4.6,"76 km SW of Waingapu, Indonesia",119.7249,-10.0912,16.552
2024-01-22 14:20:31.728,5.3,"198 km WSW of Houma, Tonga",-177.0023,-22.0034,211.776
2024-01-22 13:16:49.971,4.5,"43 km SSE of La Tirana, Chile",-69.4419,-20.6759,77.356
2024-01-22 12:02:20.287,4.6,"14 km SW of Sarangani, Philippines",125.3615,5.3214,191.376
2024-01-22 11:14:43.157,4.5,"187 km S of ‘Ohonua, Tonga",-174.6084,-23.0028,11.713
2024-01-22 11:13:30.172,4.5,east of the North Island of New Zealand,-178.4378,-36.275,10.0
2024-01-22 08:19:58.122,4.6,"27 km SSW of Sumberpucung, Indonesia",112.3912,-8.3882,148.994
2024-01-22 07:54:03.284,4.6,"6 km WNW of Buenavista, Philippines",126.104,9.1339,54.306
2024-01-22 04:33:20.324,4.6,"118 km NE of Aksu, China",81.2924,41.935,26.328
2024-01-22 04:02:18.645,4.9,"75 km S of Waingapu, Indonesia",120.2513,-10.3373,12.166
2024-01-22 01:43:06.019,4.5,"113 km SSE of Sola, Vanuatu",168.1049,-14.7493,10.652
2024-01-22 01:28:49.014,4.5,Southwest Indian Ridge,46.4716,-39.439,10.0
2024-01-22 01:19:29.937,4.7,"45 km ENE of Salcedo, Philippines",126.0557,11.2948,10.0
2024-01-21 22:28:32.212,4.6,"137 km E of Tadine, New Caledonia",169.2083,-21.608,10.0
2024-01-21 17:39:29.470,4.5,"83 km WSW of San Antonio, Chile",-72.4307,-33.9015,15.791
2024-01-21 17:37:47.178,4.7,"86 km WSW of San Antonio, Chile",-72.4773,-33.8821,10.0
2024-01-21 17:19:48.289,5.0,"6 km WNW of Cepitá, Colombia",-73.0286,6.7852,154.112
2024-01-21 15:03:49.418,4.6,"Izu Islands, Japan region",142.2289,29.7879,19.345
2024-01-21 13:22:48.941,4.6,"125 km ESE of Madang, Papua New Guinea",146.895,-5.4502,204.305
2024-01-21 12:58:03.782,4.5,south of the Fiji Islands,179.4467,-23.929,537.315
2024-01-21 12:01:51.803,4.6,"153 km NW of Fais, Micronesia",139.656,10.8556,10.0
2024-01-21 09:38:47.661,4.5,"222 km ENE of Lospalos, Timor Leste",128.733,-7.4861,143.552
2024-01-21 06:30:47.537,4.5,southeast of the Loyalty Islands,170.8532,-23.484,10.0
2024-01-21 05:50:36.943,4.9,"109 km E of Petropavlovsk-Kamchatsky, Russia",160.264,53.0914,58.186
2024-01-21 04:06:23.723,4.5,"288 km SSE of Port Blair, India",93.9475,9.3399,10.0
2024-01-21 02:36:01.362,5.3,"100 km W of El Aguilar, Argentina",-66.6516,-23.349,202.477
2024-01-20 23:37:41.887,4.5,"61 km SSW of Miyakojima, Japan",125.1842,24.2477,28.12
2024-01-20 22:09:39.708,6.2,Southwest Indian Ridge,46.1966,-39.93,10.0
2024-01-20 21:31:05.092,6.6,"123 km NW of Tarauacá, Brazil",-71.464,-7.2879,607.0
2024-01-20 15:48:40.121,6.1,"Pagan region, Northern Mariana Islands",145.6341,18.5192,184.0
2024-01-20 15:27:06.225,4.5,Pacific-Antarctic Ridge,-158.2005,-62.5547,10.0
2024-01-20 15:20:49.264,4.7,South Sandwich Islands region,-25.7946,-59.3143,36.496
2024-01-20 13:50:57.731,4.8,southeast of the Loyalty Islands,170.7423,-23.2813,10.0
2024-01-20 13:28:00.215,4.5,"59 km SSW of Miyakojima, Japan",125.1748,24.2692,23.606
2024-01-20 13:10:18.018,4.8,Mariana Islands region,147.3876,17.4726,21.479
2024-01-20 08:05:03.683,4.9,"5 km WSW of Tingloy, Philippines",120.8311,13.6364,52.556
2024-01-20 06:03:04.554,4.5,"103 km WSW of Ternate, Indonesia",126.5094,0.4868,54.254
2024-01-20 05:20:14.543,5.3,southeast of the Loyalty Islands,170.7536,-23.3851,10.0
2024-01-20 04:54:04.253,5.0,South Sandwich Islands region,-26.2848,-59.906,35.0
2024-01-20 04:47:07.809,4.8,Reykjanes Ridge,-34.0131,56.3738,10.0
2024-01-20 03:04:22.766,4.7,"91 km SSE of Angoram, Papua New Guinea",144.3594,-4.8402,117.323
2024-01-20 02:04:43.435,4.5,"16 km E of Mbulu, Tanzania",35.6806,-3.8598,10.0
2024-01-20 01:56:34.219,4.5,south of the Fiji Islands,-176.3733,-26.8333,19.093
2024-01-20 01:36:11.203,5.0,"287 km SSE of Port Blair, India",94.0987,9.4409,10.0
2024-01-20 01:27:42.401,4.5,"180 km NE of Tual, Indonesia",134.0506,-4.6367,10.0
2024-01-19 21:34:35.071,5.3,"4 km SW of Salcha, Alaska",-146.9641,64.4909,10.5
2024-01-19 20:21:51.554,4.5,"9 km NNW of Salcedo, Philippines",125.6322,11.2289,68.505
2024-01-19 19:14:27.905,4.6,"155 km E of Tadine, New Caledonia",169.38,-21.6597,10.0
2024-01-19 18:25:02.454,4.8,Mid-Indian Ridge,79.0321,-36.5932,16.065
2024-01-19 18:05:56.359,4.8,"11 km W of Qaraçala, Azerbaijan",48.8025,39.8359,50.837
2024-01-19 17:41:42.324,4.6,"19 km S of Bowangshan, China",105.0882,28.1308,10.0
2024-01-19 17:25:30.592,4.5,"94 km SE of Bingtuan Sanshiliu Tuan, China",89.5404,38.5541,10.0
2024-01-19 16:58:22.444,4.5,"84 km ESE of Hihifo, Tonga",-173.0868,-16.2846,10.0
2024-01-19 16:57:02.004,4.5,"21 km NNW of Nevel’sk, Russia",141.7416,46.8521,10.0
2024-01-19 14:14:14.810,4.5,"11 km ENE of Oxílithos, Greece",24.2406,38.6101,8.972
2024-01-19 12:19:14.601,4.8,"25 km NW of Tuti, Peru",-71.7293,-15.3752,131.142
2024-01-19 11:26:03.598,5.6,"7 km E of Cartago, Colombia",-75.8481,4.7429,65.067
2024-01-19 11:20:25.954,4.5,"61 km ESE of Inarajan Village, Guam",145.278,13.0831,69.955
2024-01-19 09:40:59.707,5.1,"144 km NNW of Antofagasta de la Sierra, Argentina",-67.7423,-24.7895,114.76
2024-01-19 08:49:10.120,4.9,"97 km NW of Isangel, Vanuatu",168.6826,-18.8685,80.561
2024-01-19 08:19:50.553,4.7,"271 km SSE of Port Blair, India",93.8839,9.4803,10.0
2024-01-19 06:41:30.266,4.7,southeast of the Loyalty Islands,170.5222,-23.5009,10.0
2024-01-19 05:24:28.976,4.5,"42 km ESE of Butembo, Democratic Republic of the Congo",29.6423,-0.0016,10.0
2024-01-19 04:57:13.544,5.5,"80 km WNW of Sola, Vanuatu",166.8644,-13.5862,32.0
2024-01-18 23:47:06.099,4.6,western Indian-Antarctic Ridge,121.0983,-49.2493,10.0
2024-01-18 22:12:21.755,6.4,"148 km NW of Fangale’ounga, Tonga",-175.4225,-18.9103,209.0
2024-01-18 22:05:35.793,4.6,"115 km WNW of Pariaman, Indonesia",99.1052,-0.4098,55.463
2024-01-18 21:46:59.809,4.6,Kermadec Islands region,-176.4373,-27.1485,25.366
2024-01-18 18:02:59.372,4.6,"91 km ENE of Poso, Indonesia",121.5279,-1.1211,10.0
2024-01-18 17:36:15.509,4.9,"91 km ENE of Poso, Indonesia",121.5194,-1.0938,10.0
2024-01-18 16:13:35.293,5.0,"124 km NE of Hihifo, Tonga",-172.8992,-15.2384,10.0
2024-01-18 15:57:34.167,4.7,"78 km ENE of Barcelona, Philippines",127.0422,8.5281,35.0
2024-01-18 15:33:15.991,4.5,"228 km E of Levuka, Fiji",-178.5383,-17.8181,588.379
2024-01-18 14:40:22.103,4.8,"12 km W of El Coyul, Mexico",-95.922,15.9263,32.969
2024-01-18 12:47:37.381,4.6,"29 km E of Lamitan, Philippines",125.9644,6.0394,73.685
2024-01-18 12:46:11.570,5.6,South Sandwich Islands region,-28.506,-55.3553,8.0
2024-01-18 11:52:56.124,4.5,South Sandwich Islands region,-25.2588,-59.1633,29.182
2024-01-18 06:15:44.992,4.6,north of Franz Josef Land,67.0034,86.5295,10.0
2024-01-18 05:12:15.019,5.3,South Sandwich Islands region,-26.2875,-59.652,56.894
2024-01-18 04:50:01.458,5.8,"116 km WSW of Houma, Tonga",-176.3137,-21.6325,155.0
2024-01-18 03:36:51.137,4.6,"273 km SSW of ‘Ohonua, Tonga",-176.0053,-23.6155,58.4
2024-01-18 03:35:57.025,4.7,"10 km NE of Labuan Bajo, Indonesia",119.9523,-8.429,192.679
2024-01-18 03:10:34.206,4.9,south of the Fiji Islands,178.8005,-23.7536,575.179
2024-01-18 01:56:46.692,4.5,"34 km N of Yigo Village, Guam",144.949,13.8386,146.143
2024-01-18 01:47:30.466,4.5,"118 km WSW of Ternate, Indonesia",126.3801,0.4372,40.124
2024-01-18 01:38:29.434,4.6,"292 km SSW of Bengkulu, Indonesia",101.442,-6.3153,10.0
2024-01-18 01:33:27.633,4.6,"115 km ENE of Barcelona, Philippines",127.3913,8.5946,10.0
2024-01-17 22:10:52.085,5.0,"175 km S of ‘Ohonua, Tonga",-175.1371,-22.914,10.0
2024-01-17 21:34:10.671,5.0,southeast central Pacific Ocean,-93.9187,-28.9612,10.0
2024-01-17 18:29:37.959,4.9,"126 km SSW of Abepura, Indonesia",140.1434,-3.6254,36.171
2024-01-17 16:51:36.053,4.5,"81 km WSW of Gorontalo, Indonesia",122.3663,0.3008,145.933
2024-01-17 15:18:06.634,4.7,"32 km SW of Meulaboh, Indonesia",95.8972,3.9569,58.424
2024-01-17 14:14:46.284,4.5,"125 km S of Akureyri, Iceland",-17.7961,64.5686,10.0
2024-01-17 13:48:58.296,4.6,"156 km SSE of Isangel, Vanuatu",170.0063,-20.7739,10.0
2024-01-17 13:12:57.274,4.5,"169 km SSE of Isangel, Vanuatu",170.0765,-20.8734,10.0
2024-01-17 13:00:49.087,5.0,"219 km N of Saipan, Northern Mariana Islands",145.9299,17.1875,146.317
2024-01-17 12:32:01.191,5.6,"29 km NE of Hinatuan, Philippines",126.5225,8.558,39.0
2024-01-17 10:15:22.631,4.5,"94 km NNE of Baukau, Timor Leste",126.6732,-7.6536,189.836
2024-01-17 05:54:19.505,4.5,"119 km SE of Alo, Wallis and Futuna",-177.364,-15.1112,10.0
2024-01-16 22:28:16.751,4.5,"19 km WSW of Dompu, Indonesia",118.3022,-8.6149,136.247
2024-01-16 18:03:50.427,4.8,"130 km E of Bitung, Indonesia",126.2949,1.3347,25.01
2024-01-16 15:36:40.061,4.5,"25 km ESE of Madang, Papua New Guinea",145.9895,-5.326,9.968
2024-01-16 14:55:09.846,4.5,"213 km WSW of Houma, Tonga",-177.151,-22.0236,197.471
2024-01-16 14:51:25.822,4.5,"110 km S of Kokopo, Papua New Guinea",152.3856,-5.3334,48.878
2024-01-16 14:26:59.821,4.5,"33 km SSE of Lata, Solomon Islands",165.884,-11.0177,60.13
2024-01-16 12:49:25.681,4.5,"143 km NNW of Finschhafen, Papua New Guinea",147.2224,-5.4231,210.511
2024-01-16 12:01:01.538,4.5,"263 km NE of Kuril’sk, Russia",149.8809,47.1501,246.598
2024-01-16 09:48:42.430,4.5,Fiji region,-179.351,-21.6979,580.146
2024-01-16 09:42:16.421,4.7,"14 km SW of Anamizu, Japan",136.7977,37.1307,10.0
2024-01-16 07:12:31.428,4.8,"53 km SE of Hengchun, Taiwan",121.059,21.626,24.159
2024-01-16 05:20:50.362,4.6,"9 km WSW of Pórto Chéli, Greece",23.0379,37.2983,10.0
2024-01-16 04:53:09.647,4.5,"65 km NE of Teller, Alaska",-165.2551,65.6298,10.8
2024-01-16 04:14:21.038,4.5,"38 km WSW of Calongbuyan, Philippines",120.0884,17.056,35.0
2024-01-16 03:16:55.223,4.5,Banda Sea,129.9871,-6.5954,156.244
2024-01-15 22:08:35.803,4.5,"Kermadec Islands, New Zealand",-178.4227,-30.4756,35.0
2024-01-15 22:00:13.026,4.7,"183 km WNW of Panguna, Papua New Guinea",153.9085,-5.7982,10.0
2024-01-15 21:56:59.176,5.2,"Kermadec Islands, New Zealand",-178.0763,-30.682,32.759
2024-01-15 21:37:22.137,4.7,"154 km NW of Antofagasta de la Sierra, Argentina",-68.3176,-24.9312,97.204
2024-01-15 17:30:26.555,5.1,Bouvet Island region,3.0625,-53.8774,10.0
2024-01-15 16:43:07.427,5.1,"106 km NNW of Isangel, Vanuatu",168.754,-18.7157,150.788
2024-01-15 15:01:34.577,4.6,"79 km NW of Malango, Solomon Islands",159.2251,-9.1639,11.631
2024-01-15 14:05:14.505,4.5,"85 km WNW of El Aguilar, Argentina",-66.4801,-22.9964,220.255
2024-01-15 14:04:35.409,5.0,"120 km SSE of Sarangani, Philippines",125.7007,4.3428,88.75
2024-01-15 12:52:26.490,5.2,"62 km NW of Kurumkan, Russia",109.7358,54.7762,10.0
2024-01-15 12:16:16.905,4.7,Kermadec Islands region,-176.4353,-27.369,44.162
2024-01-15 12:05:45.170,4.5,southeast Indian Ridge,107.039,-49.0449,10.0
2024-01-15 11:31:25.572,4.8,"7 km NNE of Hinatuan, Philippines",126.3668,8.4334,78.052
2024-01-15 08:16:16.585,4.6,"59 km SSE of Chignik, Alaska",-158.1914,55.7704,59.0
2024-01-15 07:35:27.700,4.6,"293 km SSE of Ambon, Indonesia",128.7139,-6.2979,252.219
2024-01-15 05:47:12.445,4.9,"120 km SE of Pangai, Tonga",-173.6654,-20.6863,10.0
2024-01-15 05:17:38.249,5.0,"9 km NE of San Pedro de Atacama, Chile",-68.1246,-22.8576,99.92
2024-01-15 02:55:40.705,4.8,"166 km SSW of ‘Ohonua, Tonga",-175.3473,-22.7992,10.0
2024-01-15 00:50:53.163,5.0,"175 km S of ‘Ohonua, Tonga",-175.1313,-22.9137,10.0
2024-01-14 15:34:16.418,4.9,central Mid-Atlantic Ridge,-22.1074,-0.8186,10.0
2024-01-14 15:03:04.943,4.5,"181 km S of ‘Ohonua, Tonga",-174.6178,-22.9541,10.0
2024-01-14 11:00:38.431,4.6,Fiji region,-178.2551,-20.6137,521.317
2024-01-14 10:56:20.744,4.5,"101 km SE of Sarangani, Philippines",126.1553,4.8037,92.124
2024-01-14 09:54:10.520,4.5,"5 km W of Yacuiba, Bolivia",-63.7278,-22.018,537.312
2024-01-14 09:30:00.617,4.5,"266 km WNW of Houma, Tonga",-177.7007,-20.3239,499.597
2024-01-14 08:19:55.057,4.9,"4 km W of Fonte Bastardo, Portugal",-27.1332,38.6954,10.0
2024-01-14 07:33:51.118,4.5,"135 km N of Ba, Fiji",177.7366,-16.3095,10.0
2024-01-14 01:08:13.509,5.1,"25 km WNW of Ollagüe, Chile",-68.4615,-21.1059,122.296
2024-01-14 00:50:24.700,4.8,Fiji region,-178.2739,-20.2719,554.748
2024-01-14 00:10:20.484,4.6,"176 km WNW of Labuha, Indonesia",125.9247,-0.3092,48.424
2024-01-13 23:17:52.407,4.5,"7 km NE of Lushnjë, Albania",19.7687,40.9827,28.604
2024-01-13 16:19:51.800,4.5,Kermadec Islands region,-176.7208,-28.5029,10.0
2024-01-13 15:55:56.815,4.7,"118 km NE of Hihifo, Tonga",-173.028,-15.1793,10.0
2024-01-13 15:11:22.119,4.6,western Indian-Antarctic Ridge,114.846,-49.9789,10.0
2024-01-13 15:10:59.196,4.9,"Izu Islands, Japan region",141.5258,29.4746,71.476
2024-01-13 11:51:53.738,4.5,"180 km S of ‘Ohonua, Tonga",-174.6927,-22.9567,10.0
2024-01-13 09:08:21.345,5.2,"153 km E of Kokopo, Papua New Guinea",153.6413,-4.5098,49.052
2024-01-13 08:26:21.958,4.5,"103 km NNW of San Antonio de los Cobres, Argentina",-66.8197,-23.402,215.291
2024-01-13 06:55:59.969,4.5,"20 km E of Honchō, Japan",144.2772,43.6829,10.474
2024-01-13 04:47:19.260,4.7,"17 km NNW of Ishigaki, Japan",124.0798,24.4849,53.308
2024-01-13 04:47:06.624,4.5,northern Mid-Atlantic Ridge,-30.1916,51.1438,10.0
2024-01-13 02:38:44.006,4.8,Fiji region,-178.4358,-20.1456,584.161
2024-01-13 01:27:23.223,4.8,"176 km ENE of Olonkinbyen, Svalbard and Jan Mayen",-4.0834,71.4443,10.0
2024-01-12 23:30:08.415,4.6,"142 km SE of Lata, Solomon Islands",166.5714,-11.7672,97.354
2024-01-12 22:32:14.165,5.4,"162 km SSW of ‘Ohonua, Tonga",-175.4777,-22.7238,10.0
2024-01-12 19:52:14.391,4.6,"26 km WSW of Balangonan, Philippines",125.1256,5.5013,80.959
2024-01-12 18:49:10.375,4.5,"295 km E of Levuka, Fiji",-177.8929,-18.1817,617.61
2024-01-12 18:04:40.497,4.6,"51 km ENE of Hinatuan, Philippines",126.7873,8.5025,62.826
2024-01-12 15:58:02.250,4.6,"Izu Islands, Japan region",141.824,32.2783,23.974
2024-01-12 15:53:50.579,4.6,"Off the coast of Aisen, Chile",-78.9181,-44.3968,10.0
2024-01-12 15:24:28.521,4.5,"105 km NE of Sittwe, Myanmar",93.6907,20.745,49.464
2024-01-12 14:19:26.786,4.7,southern Mid-Atlantic Ridge,-11.7338,-18.5574,10.0
2024-01-12 13:00:48.614,5.3,"35 km SW of Quilca, Peru",-72.6584,-16.9464,65.305
2024-01-12 10:58:47.716,4.9,southern Mid-Atlantic Ridge,-12.3392,-19.0851,10.0
2024-01-12 09:47:59.241,4.7,"42 km NE of Barcelona, Philippines",126.7185,8.4178,36.541
2024-01-12 09:31:32.708,4.7,"127 km E of Bitung, Indonesia",126.2584,1.2531,74.725
2024-01-12 08:29:08.884,4.5,"42 km NE of Anamizu, Japan",137.2927,37.4527,9.291
2024-01-12 08:01:49.432,4.9,Galapagos Triple Junction region,-101.1966,1.384,10.0
2024-01-12 07:46:21.171,5.9,"69 km WNW of Port Alexander, Alaska",-135.7137,56.4383,11.1
2024-01-12 06:32:04.320,4.8,Galapagos Triple Junction region,-101.2195,1.493,10.0
2024-01-12 05:12:24.468,4.5,"41 km E of Aras-asan, Philippines",126.6842,8.9392,85.259
2024-01-12 03:52:40.689,4.5,"Pagan region, Northern Mariana Islands",144.7762,18.8549,10.0
2024-01-12 03:51:05.886,5.0,"81 km WSW of Palaióchora, Greece",22.8905,34.8918,28.748
2024-01-12 03:35:51.301,4.8,"132 km SSE of Isangel, Vanuatu",169.8592,-20.602,120.91
2024-01-12 03:07:39.718,5.0,"Pagan region, Northern Mariana Islands",144.8122,18.9592,10.0
2024-01-12 03:00:10.177,4.8,Scotia Sea,-33.9922,-60.7445,10.0
2024-01-12 02:05:04.693,5.0,"121 km ESE of Sarangani, Philippines",126.43,4.8837,44.076
2024-01-12 01:06:54.282,4.5,"Maug Islands region, Northern Mariana Islands",145.8419,20.0961,10.0
2024-01-12 00:30:06.839,4.7,"80 km NE of Kainantu, Papua New Guinea",146.3711,-5.7708,59.067
2024-01-11 22:34:24.251,4.5,"56 km ENE of Los Andes, Chile",-70.0493,-32.6204,112.325
2024-01-11 21:52:35.607,4.8,"291 km ESE of Levuka, Fiji",-178.0479,-18.8466,499.399
2024-01-11 20:54:28.326,4.5,"63 km NNW of Itoigawa, Japan",137.6389,37.5826,10.0
2024-01-11 18:49:46.755,4.8,South Sandwich Islands region,-26.7268,-55.9651,40.462
2024-01-11 16:27:27.285,4.8,Kermadec Islands region,-176.7023,-28.2726,40.356
2024-01-11 16:18:21.563,4.8,south of the Fiji Islands,-179.7585,-23.9087,508.356
2024-01-11 14:26:30.685,4.6,"272 km SSW of Banjar, Indonesia",106.7721,-9.5674,10.0
2024-01-11 09:50:08.339,4.7,"104 km SSW of Alo, Wallis and Futuna",-178.427,-15.2008,10.0
2024-01-11 09:40:48.388,4.5,"Izu Islands, Japan region",142.0567,31.6351,10.0
2024-01-11 09:20:26.337,6.4,"45 km SSW of Jurm, Afghanistan",70.6013,36.4979,204.0
2024-01-11 06:53:21.690,4.5,"111 km W of Höfn, Iceland",-17.4809,64.451,10.0
2024-01-11 05:55:38.973,4.5,Galapagos Triple Junction region,-101.2438,1.4159,10.0
2024-01-11 04:54:31.447,5.2,South Pacific Ocean,-141.2625,-26.4576,10.0
2024-01-11 00:31:40.848,4.5,Galapagos Triple Junction region,-101.2828,1.4857,10.0
2024-01-10 23:56:12.212,4.9,"118 km NW of Gizo, Solomon Islands",156.1319,-7.2955,10.325
2024-01-10 23:54:46.124,5.0,"32 km ENE of Moyobamba, Peru",-76.7022,-5.9215,120.742
2024-01-10 22:44:39.195,5.0,Mariana Islands region,147.6218,17.4642,10.0
2024-01-10 20:30:15.879,4.6,"54 km NE of Tobelo, Indonesia",128.3971,2.025,67.32
2024-01-10 12:06:42.309,4.6,South Sandwich Islands region,-25.7794,-60.5404,10.0
2024-01-10 11:28:50.264,4.6,"264 km WNW of Houma, Tonga",-177.7505,-20.5205,484.097
2024-01-10 07:14:29.878,4.5,southeast of the Loyalty Islands,171.1165,-23.3184,10.0
2024-01-10 07:10:40.257,4.5,central Mid-Atlantic Ridge,-40.3731,8.6925,10.0
2024-01-10 03:57:25.815,4.9,"124 km SSW of Atka, Alaska",-174.9647,51.1794,10.0
2024-01-10 02:29:02.702,5.0,southern Mid-Atlantic Ridge,-8.1614,-49.2149,10.0
2024-01-10 02:23:44.173,4.5,"54 km E of Port Blair, India",93.2401,11.7494,85.164
2024-01-09 22:24:21.445,4.8,Mid-Indian Ridge,69.5357,-23.9375,10.0
2024-01-09 16:47:25.900,5.4,"128 km SE of Ollagüe, Chile",-67.2296,-21.8843,175.245
2024-01-09 14:31:37.836,4.8,"138 km SSE of San Jose Village, Northern Mariana Islands",146.3129,13.9161,73.326
2024-01-09 11:50:58.138,4.5,"178 km WSW of Bandar Lampung, Indonesia",103.8378,-6.1958,52.022
2024-01-09 09:55:09.392,4.5,"60 km WSW of Sado, Japan",137.7155,37.8318,10.0
2024-01-09 09:14:59.382,4.5,"17 km SE of Saimbeyli, Turkey",36.2369,37.8806,10.0
2024-01-09 08:59:10.141,5.9,"53 km WSW of Sado, Japan",137.7814,37.8629,10.0
2024-01-09 08:49:55.101,4.5,"132 km SE of Pangai, Tonga",-173.6388,-20.8006,10.0
2024-01-09 07:53:21.240,5.6,"134 km SE of Pangai, Tonga",-173.6067,-20.8063,10.0
2024-01-09 05:25:20.597,4.9,"181 km NE of Tual, Indonesia",133.9948,-4.5621,10.0
2024-01-09 04:45:06.777,5.1,"148 km WSW of Teluk Dalam, Indonesia",96.5636,0.0777,10.0
2024-01-09 04:04:57.708,4.7,"36 km WNW of Abra Pampa, Argentina",-66.0064,-22.5631,254.102
2024-01-09 02:54:57.043,5.2,"32 km WSW of Sola, Vanuatu",167.2986,-14.0404,199.672
2024-01-09 01:08:41.354,4.5,"121 km SE of Sarangani, Philippines",126.3124,4.7116,97.409
2024-01-09 01:05:07.091,4.9,"59 km WSW of Santiago de Cao, Peru",-79.7583,-8.1062,54.307
2024-01-08 22:31:07.276,4.6,"96 km W of Kandrian, Papua New Guinea",148.6823,-6.0744,79.455
2024-01-08 21:06:16.101,4.5,"91 km SE of Sarangani, Philippines",126.0506,4.8164,82.702
2024-01-08 20:48:42.361,6.7,"93 km SE of Sarangani, Philippines",126.1575,4.9225,62.574
2024-01-08 19:27:34.850,4.5,"Maug Islands region, Northern Mariana Islands",145.5678,20.1886,10.0
2024-01-08 18:07:45.172,4.5,"42 km S of Dushanzi, China",84.8103,43.9549,10.0
2024-01-08 16:41:15.990,4.9,"88 km SSE of Panguna, Papua New Guinea",155.6579,-7.1012,76.519
2024-01-08 14:05:16.529,4.9,"116 km ESE of Fangale’ounga, Tonga",-173.3059,-20.1843,10.0
2024-01-08 13:06:56.285,4.6,"104 km WSW of Salinas, Ecuador",-81.8388,-2.5314,10.0
2024-01-08 13:00:42.984,4.5,Pacific-Antarctic Ridge,-179.3277,-65.3009,10.0
2024-01-08 12:59:52.208,4.6,"113 km W of Salinas, Ecuador",-81.9572,-2.4091,10.0
2024-01-08 09:51:30.178,5.2,"29 km SSE of Tuapejat, Indonesia",99.6708,-2.284,17.148
2024-01-08 07:39:50.400,5.0,"Maug Islands region, Northern Mariana Islands",145.3365,20.1982,10.0
2024-01-08 06:46:36.353,4.5,"5 km SSE of Malitbog, Philippines",125.0215,10.1142,10.0
2024-01-08 05:05:30.301,4.6,"8 km NW of Bamboo Flat, India",92.6708,11.7568,35.31
2024-01-08 02:27:42.033,4.5,"17 km NE of Miaga, Philippines",123.9387,12.3343,10.0
2024-01-07 21:41:05.926,5.1,"77 km ESE of Fangale’ounga, Tonga",-173.6129,-19.936,10.0
2024-01-07 20:00:07.311,5.5,Balleny Islands region,165.3253,-62.3294,10.0
2024-01-07 18:06:11.273,5.6,Balleny Islands region,165.5051,-62.2113,10.0
2024-01-07 17:55:52.823,4.6,northern East Pacific Rise,-103.8128,8.2976,10.0
2024-01-07 14:28:32.992,4.5,"44 km ENE of Kodāri̇̄, Nepal",86.3806,28.0886,10.0
2024-01-07 13:29:28.774,4.5,northern East Pacific Rise,-104.3132,8.8928,10.0
2024-01-07 12:38:18.454,4.5,"6 km SSW of Anamizu, Japan",136.8656,37.1829,10.0
2024-01-07 12:07:53.483,4.7,central Mid-Atlantic Ridge,-30.6802,1.6591,10.0
2024-01-07 10:38:21.532,4.9,"99 km SSW of Luwuk, Indonesia",122.5443,-1.8154,10.0
2024-01-07 08:35:32.422,5.3,"84 km WSW of Curahuara de Carangas, Bolivia",-69.1267,-18.2465,142.52
2024-01-07 07:19:54.181,4.6,"79 km W of San Antonio de los Cobres, Argentina",-67.0955,-24.3126,171.174
2024-01-07 06:58:16.209,5.0,"211 km SW of Merizo Village, Guam",143.2291,11.9785,10.0
2024-01-07 06:26:56.123,4.8,"12 km W of Anamizu, Japan",136.7566,37.2146,10.0
2024-01-07 05:50:08.011,4.9,"8 km SE of Seldovia Village, Alaska",-151.5376,59.4249,46.3
2024-01-07 05:37:58.050,4.5,"40 km NE of Anamizu, Japan",137.2619,37.4611,6.086
2024-01-07 03:47:27.160,4.5,"252 km SE of Pondaguitan, Philippines",127.8373,4.7913,67.031
2024-01-07 03:12:48.500,4.5,off the coast of Central America,-84.5587,2.7393,10.0
2024-01-07 01:02:08.686,4.6,south of Panama,-82.4658,5.0822,10.0
2024-01-07 00:45:11.857,4.5,"28 km SW of Santa Elena de Uairén, Venezuela",-61.2719,4.4022,11.127
2024-01-07 00:17:43.353,4.8,"191 km SSE of Isangel, Vanuatu",170.0536,-21.1111,10.0
2024-01-07 00:13:33.300,4.8,Pacific-Antarctic Ridge,-132.7762,-54.1991,10.0
2024-01-07 00:05:13.360,4.6,"57 km E of Barcelona, Philippines",126.9585,8.1321,35.0
2024-01-06 23:21:17.579,4.6,"141 km NE of Hihifo, Tonga",-172.859,-15.0557,10.0
2024-01-06 23:10:19.656,4.6,"140 km NE of Hihifo, Tonga",-172.904,-15.0218,10.0
2024-01-06 22:23:05.537,4.7,"54 km NNW of Sola, Vanuatu",167.3903,-13.41,9.72
2024-01-06 20:56:13.346,4.6,"28 km E of Savannah Bight, Honduras",-85.5876,16.4016,10.0
2024-01-06 20:12:50.696,4.9,Kermadec Islands region,-178.581,-31.6517,31.692
2024-01-06 18:03:49.512,4.6,"Maug Islands region, Northern Mariana Islands",145.1698,20.2699,10.0
2024-01-06 17:03:10.110,4.5,"83 km E of Aras-asan, Philippines",127.07,8.8884,10.0
2024-01-06 14:20:22.904,4.5,"18 km WSW of Anamizu, Japan",136.6931,37.1993,10.0
2024-01-06 12:46:18.146,4.5,Carlsberg Ridge,65.6569,2.901,10.0
2024-01-06 12:33:02.528,5.5,southern East Pacific Rise,-116.0254,-24.4019,10.0
2024-01-06 12:06:23.414,4.7,"100 km SE of Ambon, Indonesia",128.7336,-4.4156,10.67
2024-01-06 11:46:31.666,5.6,Carlsberg Ridge,65.4881,3.1484,10.0
2024-01-06 10:31:15.139,4.5,"28 km NNW of Umachiri, Peru",-70.9002,-14.6337,178.778
2024-01-06 01:52:40.239,4.9,"132 km WSW of Panguna, Papua New Guinea",154.4015,-6.8277,10.0
2024-01-06 01:15:29.729,4.5,"39 km ESE of Takahagi, Japan",141.1473,36.6225,51.484
2024-01-06 01:12:47.568,4.8,"18 km SSE of Khorugh, Tajikistan",71.6036,37.3261,121.561
2024-01-06 01:03:31.563,4.5,"52 km W of Jipijapa, Ecuador",-81.0475,-1.3156,10.0
2024-01-05 22:36:38.546,4.5,Easter Island region,-114.0718,-26.3467,10.0
2024-01-05 22:26:12.720,4.9,"178 km NE of Lospalos, Timor Leste",128.2649,-7.5197,156.201
2024-01-05 20:26:51.093,5.1,"6 km W of Anamizu, Japan",136.8266,37.2225,10.0
2024-01-05 17:52:08.451,4.5,"176 km ESE of Kokopo, Papua New Guinea",153.7007,-5.0457,86.325
2024-01-05 16:59:08.446,4.9,"20 km WSW of Anamizu, Japan",136.6794,37.1756,10.0
2024-01-05 16:59:03.311,4.7,south of the Fiji Islands,179.7373,-24.7291,500.551
2024-01-05 16:58:07.085,4.7,"23 km NW of Yonakuni, Japan",122.847,24.6228,85.464
2024-01-05 15:47:51.196,4.7,"16 km SSE of Rustāq, Afghanistan",69.9173,36.9968,10.0
2024-01-05 10:56:56.753,4.6,western Indian-Antarctic Ridge,115.6294,-49.8703,10.0
2024-01-05 09:43:39.133,4.7,southern East Pacific Rise,-116.0717,-24.4963,10.0
2024-01-05 09:25:45.269,4.6,South Sandwich Islands region,-27.2535,-55.8936,80.556
2024-01-05 08:04:01.056,4.5,"174 km N of Sanana, Indonesia",125.7796,-0.4947,41.805
2024-01-05 06:49:10.580,4.5,"296 km ENE of Lospalos, Timor Leste",129.6334,-7.9732,23.502
2024-01-05 06:31:42.601,4.6,"Izu Islands, Japan region",141.7854,32.3484,10.0
2024-01-05 06:20:50.938,4.5,central Mid-Atlantic Ridge,-29.2383,0.8641,10.0
2024-01-05 05:50:11.994,4.9,"115 km SW of Kokopo, Papua New Guinea",151.6554,-5.1884,100.915
2024-01-05 03:54:07.278,4.5,"45 km WNW of Coronel, Chile",-73.6087,-36.8638,23.237
2024-01-05 03:16:52.349,5.1,western Indian-Antarctic Ridge,115.1839,-49.8157,10.0
2024-01-04 23:42:10.828,4.5,Fiji region,-177.5186,-19.3119,557.501
2024-01-04 22:39:13.379,4.6,"299 km E of Levuka, Fiji",-177.8563,-18.0465,579.91
2024-01-04 17:51:47.350,4.5,Balleny Islands region,154.5323,-61.6388,10.0
2024-01-04 16:11:30.954,4.5,"118 km WSW of Panguna, Papua New Guinea",154.5416,-6.8304,10.0
2024-01-04 16:03:29.377,4.7,"83 km NNW of Pototano, Indonesia",117.1072,-7.7606,304.454
2024-01-04 15:23:03.620,4.5,south of the Fiji Islands,-177.0524,-25.5985,76.334
2024-01-04 15:04:13.850,4.6,"10 km NNE of Nanao, Japan",137.0054,37.1426,10.0
2024-01-04 13:59:08.875,4.6,"Izu Islands, Japan region",139.6402,31.4856,10.0
2024-01-04 13:57:25.218,4.6,"40 km WSW of Masachapa, Nicaragua",-86.8538,11.6331,53.092
2024-01-04 13:46:26.091,4.7,"30 km SSW of Sechura, Peru",-80.9384,-5.8112,39.007
2024-01-04 12:30:38.558,4.5,"60 km WSW of Sado, Japan",137.7241,37.8102,10.0
2024-01-04 11:30:49.415,4.5,"93 km SW of Labuha, Indonesia",126.9104,-1.2518,10.0
2024-01-04 11:25:12.569,4.5,"Maug Islands region, Northern Mariana Islands",145.2582,20.0502,10.0
2024-01-04 11:05:30.580,4.6,"146 km NW of Sola, Vanuatu",166.7133,-12.837,126.23
2024-01-04 09:09:07.308,4.5,Fiji region,-179.1956,-21.5587,604.794
2024-01-04 08:41:16.291,4.5,western Indian-Antarctic Ridge,115.5509,-49.8381,10.0
2024-01-04 08:16:22.946,4.9,"70 km NE of Anamizu, Japan",137.456,37.6914,10.0
2024-01-04 08:15:59.298,4.8,"Izu Islands, Japan region",139.4944,31.4684,10.0
2024-01-04 07:32:22.215,4.7,"25 km E of Hinatuan, Philippines",126.5607,8.3869,84.702
2024-01-04 07:11:05.612,4.7,western Indian-Antarctic Ridge,115.2069,-49.7724,10.936
2024-01-04 06:46:47.423,4.5,"47 km ENE of Anamizu, Japan",137.3572,37.4636,10.0
2024-01-04 06:26:04.486,4.6,Kuril Islands,152.9705,48.3854,142.382
2024-01-04 05:07:11.158,4.5,"16 km ESE of Orkney, South Africa",26.8294,-27.031,5.0
2024-01-04 04:56:37.532,5.7,"125 km W of Houma, Tonga",-176.5067,-21.1187,197.0
2024-01-04 03:29:39.020,4.5,South Sandwich Islands region,-25.6111,-57.9285,49.816
2024-01-04 02:00:09.678,4.6,"68 km ESE of Tobelo, Indonesia",128.6075,1.5765,10.0
2024-01-04 00:43:16.914,5.0,Banda Sea,129.7689,-6.9962,137.491
2024-01-04 00:22:32.711,4.6,"242 km E of Levuka, Fiji",-178.3959,-18.0612,606.211
2024-01-04 00:17:31.276,4.6,"Izu Islands, Japan region",141.7438,32.4482,22.311
2024-01-03 21:12:54.145,5.0,"Maug Islands region, Northern Mariana Islands",145.3765,19.9265,10.0
2024-01-03 20:32:44.642,4.8,"Maug Islands region, Northern Mariana Islands",145.4694,19.923,10.0
2024-01-03 20:21:15.782,4.7,Reykjanes Ridge,-34.0248,56.3815,10.0
2024-01-03 20:11:14.750,4.5,"134 km SSW of Pagar Alam, Indonesia",102.8473,-5.1758,50.003
2024-01-03 19:45:48.555,4.9,South Sandwich Islands region,-27.8881,-56.0575,113.281
2024-01-03 19:38:41.329,4.8,"54 km WSW of Sado, Japan",137.8096,37.7958,5.972
2024-01-03 19:08:16.618,4.5,"25 km SSW of Padam, India",76.7872,33.2551,17.945
2024-01-03 18:07:13.613,5.1,south of Africa,27.9066,-52.3954,10.0
2024-01-03 15:36:53.611,4.6,"31 km NE of Anamizu, Japan",137.1541,37.4364,10.0
2024-01-03 14:23:34.118,4.5,"62 km SSW of San Carlos, Mexico",-111.3862,27.4879,10.0
2024-01-03 14:18:51.653,4.5,"197 km N of Saipan, Northern Mariana Islands",146.0802,16.9728,123.757
2024-01-03 13:46:16.433,4.7,southeast of Easter Island,-103.9478,-35.5272,10.0
2024-01-03 11:06:21.388,4.5,south of Africa,28.1043,-52.2827,10.0
2024-01-03 09:53:53.960,4.5,"80 km ESE of Yamada, Japan",142.7952,39.1672,39.683
2024-01-03 09:48:00.219,4.7,"10 km N of Anamizu, Japan",136.9172,37.3248,10.0
2024-01-03 09:24:16.738,4.9,"10 km SW of Ashkāsham, Afghanistan",71.4376,36.6249,134.748
2024-01-03 08:27:06.125,4.5,"69 km WSW of Ollagüe, Chile",-68.8772,-21.4626,114.237
2024-01-03 08:09:54.682,4.6,"42 km WNW of Port-Vila, Vanuatu",167.9629,-17.5587,10.0
2024-01-03 08:04:04.468,5.5,"68 km WNW of Vinchina, Argentina",-68.8167,-28.4508,117.0
2024-01-03 07:06:39.692,4.5,"221 km ESE of Kayangel, Palau",136.6719,7.629,10.0
2024-01-03 07:06:24.118,4.5,"24 km SSW of Kokopo, Papua New Guinea",152.2132,-4.554,100.109
2024-01-03 03:54:13.697,4.9,"70 km NNW of Itoigawa, Japan",137.559,37.6257,15.237
2024-01-03 03:14:56.155,4.5,"37 km N of Camiña, Chile",-69.4112,-18.9782,122.106
2024-01-03 02:47:15.540,4.6,"200 km NW of Gorontalo, Indonesia",121.9592,1.9692,10.0
2024-01-03 01:54:34.243,5.3,"12 km N of Anamizu, Japan",136.9204,37.3466,10.0
2024-01-03 01:43:15.915,5.2,"36 km SSE of Madang, Papua New Guinea",145.9632,-5.5053,61.922
2024-01-03 01:11:31.461,5.0,"22 km E of Hinatuan, Philippines",126.5376,8.3515,76.597
2024-01-03 00:53:49.149,4.8,"44 km SW of Pelabuhanratu, Indonesia",106.3106,-7.3086,98.951
2024-01-02 22:57:00.970,5.0,"97 km W of El Aguilar, Argentina",-66.6178,-23.3669,188.635
2024-01-02 19:59:31.888,5.0,"27 km WSW of Calongbuyan, Philippines",120.1731,17.1111,47.706
2024-01-02 19:33:25.185,4.9,central Mid-Atlantic Ridge,-31.0085,2.6339,10.0
2024-01-02 17:21:47.368,4.8,"46 km NE of Anamizu, Japan",137.3192,37.4797,10.0
2024-01-02 14:33:33.263,4.6,"47 km WNW of San Antonio de los Cobres, Argentina",-66.7435,-24.0309,188.353
2024-01-02 12:39:39.170,4.6,South Sandwich Islands region,-25.4691,-59.4451,23.865
2024-01-02 11:24:06.417,4.5,"224 km NE of Hicks Bay, New Zealand",-179.7098,-36.3515,10.0
2024-01-02 08:13:40.884,4.6,"19 km SW of Anamizu, Japan",136.7367,37.1175,7.453
2024-01-02 06:57:54.621,4.8,"11 km WSW of Anamizu, Japan",136.7831,37.1828,10.0
2024-01-02 05:55:54.060,4.5,"Izu Islands, Japan region",141.667,32.3606,10.0
2024-01-02 04:50:13.581,4.5,"199 km SW of Kalemie, Democratic Republic of the Congo",28.1431,-7.4185,10.0
2024-01-02 04:46:28.776,4.9,"17 km ENE of Kupang, Indonesia",123.7618,-10.1167,35.0
2024-01-02 02:49:31.315,4.6,"99 km E of Aras-asan, Philippines",127.2178,8.8429,10.0
2024-01-02 01:17:31.568,5.4,"11 km W of Anamizu, Japan",136.7689,37.247,6.0
2024-01-02 01:08:15.552,4.5,"120 km S of Lakatoro, Vanuatu",167.2247,-17.1743,10.0
2024-01-01 23:10:34.990,4.7,Banda Sea,129.8294,-6.9605,134.512
2024-01-01 22:13:30.239,4.5,"12 km NNE of Anamizu, Japan",136.9617,37.3362,15.301
2024-01-01 21:45:52.330,4.5,"65 km ESE of Tuensang, India",95.4358,26.0489,82.85
2024-01-01 19:42:06.006,4.6,"18 km W of Anamizu, Japan",136.6924,37.2247,10.0
2024-01-01 19:27:14.289,4.5,"24 km NW of Hakui, Japan",136.6184,37.0652,10.0
2024-01-01 17:33:30.185,4.6,"63 km NE of Anamizu, Japan",137.4761,37.5711,10.0
2024-01-01 14:10:18.232,4.7,Southwest Indian Ridge,62.8497,-28.3121,10.0
2024-01-01 13:48:43.860,4.6,"19 km W of Port-Olry, Vanuatu",166.8954,-15.0526,35.0
2024-01-01 13:46:45.922,4.5,"25 km NE of Lembang, Indonesia",107.7514,-6.6246,10.0
2024-01-01 13:10:57.324,4.5,"26 km NE of Anamizu, Japan",137.1399,37.3826,10.0
2024-01-01 11:35:32.459,4.6,"19 km WSW of Anamizu, Japan",136.6946,37.1664,10.0
2024-01-01 10:50:35.645,4.7,"48 km NE of Anamizu, Japan",137.2865,37.5375,10.0
2024-01-01 10:06:54.649,4.6,"64 km WSW of Sado, Japan",137.6625,37.8468,10.0
2024-01-01 09:49:15.275,4.6,"54 km NE of Anamizu, Japan",137.3728,37.5516,10.0
2024-01-01 09:45:26.217,5.1,"73 km WSW of Sado, Japan",137.5664,37.8107,10.0
2024-01-01 09:39:59.811,5.0,"23 km WSW of Anamizu, Japan",136.6562,37.1479,10.0
2024-01-01 09:30:21.401,5.2,"50 km NE of Anamizu, Japan",137.3585,37.4998,10.0
2024-01-01 09:08:17.603,5.6,"54 km NE of Anamizu, Japan",137.4029,37.5146,10.0
2024-01-01 09:06:13.801,4.6,"55 km ENE of Anamizu, Japan",137.4557,37.4672,10.0
2024-01-01 09:03:48.859,5.5,"56 km NE of Anamizu, Japan",137.4185,37.5339,10.0
2024-01-01 08:54:02.503,4.5,"103 km SSW of Puerto El Triunfo, El Salvador",-89.0159,12.4653,35.0
2024-01-01 08:48:21.162,4.5,"72 km WSW of Sado, Japan",137.5542,37.8651,10.0
2024-01-01 08:42:04.871,4.6,"71 km NNW of Itoigawa, Japan",137.6044,37.6483,10.0
2024-01-01 08:29:02.262,4.7,"66 km NNW of Itoigawa, Japan",137.5274,37.5787,10.0
2024-01-01 08:22:10.846,4.9,"38 km NE of Anamizu, Japan",137.2239,37.4631,10.0
2024-01-01 08:17:46.634,4.8,"39 km NE of Anamizu, Japan",137.2009,37.5012,10.0
2024-01-01 08:15:38.177,4.5,"53 km NE of Anamizu, Japan",137.3097,37.5918,9.216
2024-01-01 08:07:10.627,5.1,"26 km WSW of Anamizu, Japan",136.6149,37.1718,10.0
2024-01-01 08:02:44.840,5.0,"56 km NE of Anamizu, Japan",137.401,37.5444,10.0
2024-01-01 08:02:01.200,4.5,"Maug Islands region, Northern Mariana Islands",145.0047,20.6354,10.0
2024-01-01 07:56:47.661,5.6,"7 km N of Anamizu, Japan",136.8875,37.2997,10.0
2024-01-01 07:54:21.406,4.7,"70 km NNW of Itoigawa, Japan",137.5518,37.6242,8.243
2024-01-01 07:52:43.251,5.3,"94 km SE of Gorontalo, Indonesia",123.6177,-0.1092,81.212
2024-01-01 07:48:14.335,4.8,"7 km NW of Anamizu, Japan",136.8374,37.2779,10.0
2024-01-01 07:45:30.869,4.7,"59 km WSW of Sado, Japan",137.7515,37.7823,4.785
2024-01-01 07:42:43.430,4.8,"40 km NE of Anamizu, Japan",137.2483,37.4693,9.896
2024-01-01 07:39:49.268,5.2,"56 km ENE of Anamizu, Japan",137.4519,37.4861,10.0
2024-01-01 07:29:04.242,4.7,"41 km NE of Anamizu, Japan",137.2642,37.4638,10.997
2024-01-01 07:28:15.144,4.6,"15 km NNW of Anamizu, Japan",136.8046,37.3496,10.0
2024-01-01 07:27:28.747,4.6,"33 km ENE of Anamizu, Japan",137.2254,37.3802,10.0
2024-01-01 07:18:41.584,6.2,"8 km SW of Anamizu, Japan",136.8272,37.1895,10.0
2024-01-01 07:10:09.476,7.5,"2024 Noto Peninsula, Japan Earthquake",137.271,37.4874,10.0
2024-01-01 07:06:05.477,5.8,"42 km NE of Anamizu, Japan",137.2491,37.4933,10.0
2024-01-01 05:22:53.884,4.7,"70 km NE of Pototano, Indonesia",117.8591,-7.8936,10.0
2024-01-01 05:19:00.363,4.5,south of the Fiji Islands,-179.8743,-23.3645,540.187
2024-01-01 04:49:01.244,4.5,"139 km SE of Kuril’sk, Russia",149.243,44.4338,35.0
2024-01-01 03:04:00.096,4.5,"245 km S of Longyearbyen, Svalbard and Jan Mayen",17.4987,76.065,10.0
2024-01-01 01:43:14.869,4.6,south of the Fiji Islands,179.8704,-24.412,513.317
2024-01-01 00:37:09.096,4.7,"272 km N of Saipan, Northern Mariana Islands",145.4596,17.6625,384.941
