date,latitude,longitude,depth,magnitude,location
2023-08-16T12:47:00,-13.8814,167.158,192.955,6.5,"Sola, Vanuatu"
2023-07-19T00:22:00,12.814,-88.1265,69.727,6.5,"Intipucá, El Salvador"
2023-07-17T03:05:00,-38.1911,-70.3731,171.371,6.6,"Loncopué, Argentina"
2023-07-16T06:48:00,54.3844,-160.699,32.571,7.2,"Sand Point, Alaska"
2023-07-16T06:48:00,54.49,-160.796,21,7.3,Alaska Peninsula
2023-07-10T20:28:00,20.0196,-61.0955,10,6.6,"Codrington, Antigua and Barbuda"
2023-07-02T10:27:00,-17.853,-174.937,229,6.9,Tonga
2023-06-15T18:06:00,-22.9824,-177.208,167.404,7.2,the Fiji Islands
2023-05-25T03:05:00,8.8894,-77.1231,10,6.6,Panama-Colombia border region
2023-05-20T01:51:00,-23.0622,170.456,35.981,7.1,the Loyalty Islands
2023-05-19T02:57:00,-23.2286,170.694,18.027,7.7,the Loyalty Islands
2023-05-10T16:02:00,-15.6002,-174.608,210.097,7.6,"Hihifo, Tonga"
2023-04-28T03:13:00,-25.2657,178.424,598.467,6.6,the Fiji Islands
2023-04-24T20:00:00,-0.781,98.5339,15.462,7.1,"Teluk Dalam, Indonesia"
2023-04-24T00:41:00,-30.0249,-177.897,43.063,7.1,"Kermadec Islands, New Zealand"
2023-04-18T04:31:00,-22.2844,179.391,595.854,6.7,the Fiji Islands
2023-04-14T09:55:00,-6.0255,112.033,594.028,7,"Tuban, Indonesia"
2023-04-03T03:06:00,52.7772,158.484,105.631,6.5,"the Kamchatka Peninsula, Russia"
2023-04-02T18:04:00,-4.2924,143.155,62.603,7,"New Guinea, Papua New Guinea"
2023-03-22T16:00:00,-23.4797,-66.5108,209.976,6.5,"San Antonio de los Cobres, Argentina"
2023-03-21T16:47:00,36.5227,70.9787,187.589,6.5,"Jurm, Afghanistan"
2023-03-18T17:12:00,-2.851,-79.8001,65.842,6.8,Ecuador
2023-03-16T00:56:00,-30.1147,-176.112,22.065,7,Kermadec Islands region
2023-03-04T06:41:00,-29.4748,-178.787,205.681,6.9,"Kermadec Islands, New Zealand"
2023-03-02T18:04:00,-15.3597,166.385,10,6.5,"Port-Olry, Vanuatu"
2023-03-01T05:36:00,-4.8138,149.487,598.925,6.5,"Kimbe, Papua New Guinea"
2023-02-23T00:37:00,38.0726,73.2077,20.522,6.8,"Murghob, Tajikistan"
2023-02-06T10:24:00,38.0235,37.203,10,7.5,"Ekinözü, Turkey"
2023-02-06T01:28:00,37.4135,36.8306,14.497,6.7,"Nurdağı, Turkey"
2023-02-06T01:17:00,37.2012,36.9997,17.925,7.8,Central Turkey
2023-01-20T22:09:00,-26.7209,-63.0394,610.671,6.8,South America Argentina
2023-01-18T06:06:00,2.7401,127.051,28.566,7,"Tobelo, Indonesia"
2023-01-09T17:47:00,-7.0852,130.039,105.249,7.6,"Pulau Pulau Tanimbar, Indonesia"
2023-01-08T12:32:00,-14.9383,166.878,29,7,Vanuatu
2022-12-04T19:24:00,-15.3983,-172.968,38,6.8,"Hihifo, Tonga"
2022-11-22T02:03:00,-9.7963,159.596,14,7,"Malango, Solomon Islands"
2022-11-18T13:37:00,-4.9559,100.738,25,6.9,"Bengkulu, Indonesia"
2022-11-12T07:09:00,-20.0508,-178.346,579,7,Oceania Fiji
2022-11-11T10:48:00,-19.2918,-172.129,37,7.3,"Neiafu, Tonga"
2022-11-09T10:14:00,-25.5948,178.278,624.464,6.6, 
2022-11-09T09:51:00,-26.0442,178.381,660,7,the Fiji Islands
2022-11-09T09:38:00,-25.9678,178.363,630.379,6.8,the Fiji Islands
2022-10-20T11:57:00,7.6712,-82.3396,20,6.7,"Boca Chica, Panama"
2022-09-22T06:16:00,18.33,-102.913,20,6.8,"Aguililla, Mexico"
2022-09-19T18:05:00,18.3667,-103.252,26.943,7.6,"Aguililla, Mexico"
2022-09-18T06:44:00,23.1444,121.307,10,6.9,"Yujing, Taiwan"
2022-09-17T13:41:00,23.029,121.348,10,6.5,"Lugu, Taiwan"
2022-09-14T11:04:00,-21.2077,170.239,137,7,"Isangel, Vanuatu"
2022-09-10T23:47:00,-6.2237,146.471,116,7.6,"Kainantu, Papua New Guinea"
2022-09-05T04:52:00,29.7263,102.279,12,6.6,"Kangding, China"
2022-08-14T13:44:00,-32.6922,-178.959,30,6.6,the Kermadec Islands
2022-07-27T00:43:00,17.5978,120.809,33.729,7,"Bantay, Philippines"
2022-06-08T00:55:00,-9.0618,-71.1647,622.73,6.5,"Tarauacá, Brazil"
2022-05-26T12:02:00,-14.8628,-70.3081,236,7.2,"Azángaro, Peru"
2022-05-19T10:13:00,-54.1325,159.027,10,6.9, 
2022-05-10T23:06:00,-23.6141,-66.7236,220,6.8,"San Antonio de los Cobres, Argentina"
2022-04-21T07:42:00,11.5538,-86.9919,27,6.6,"Masachapa, Nicaragua"
2022-03-31T05:44:00,-22.5732,170.349,10,7,the Loyalty Islands
2022-03-30T20:56:00,-22.72,170.277,10,6.9,"Tadine, New Caledonia"
2022-03-22T17:41:00,23.3421,121.636,24,6.7,"Hualien City, Taiwan"
2022-03-16T14:36:00,37.7015,141.587,41,7.3,"Namie, Japan"
2022-03-13T21:09:00,-0.6831,98.6034,28,6.7,"Pariaman, Indonesia"
2022-03-02T12:52:00,-30.0528,-177.74,24,6.6,"Kermadec Islands, New Zealand"
2022-02-16T20:21:00,-23.7852,-179.968,535,6.8,the Fiji Islands
2022-02-03T15:58:00,-4.455,-76.9395,110,6.5,"Barranca, Peru"
2022-01-29T02:46:00,-29.535,-176.729,8,6.5,Kermadec Islands region
2022-01-14T09:05:00,-6.9291,105.251,33,6.6,"Labuan, Indonesia"
2022-01-11T12:39:00,52.502,-168.08,37,6.5,"Nikolski, Alaska"
2022-01-11T12:39:00,52.502,-168.08,37,6.5,"Nikolski, Alaska"
2022-01-11T12:39:00,52.6252,-168.15,19,6.6,"Nikolski, Alaska"
2022-01-11T11:35:00,52.48,-167.736,33,6.7,"Nikolski, Alaska"
2022-01-11T11:35:00,52.48,-167.736,33,6.7,"Nikolski, Alaska"
2022-01-11T11:35:00,52.6563,-167.917,20,6.8,"Nikolski, Alaska"
2022-01-11T01:07:00,35.1456,31.9095,21,6.6,"Pólis, Cyprus"
2022-01-07T17:45:00,37.8167,101.299,13,6.6,"northern Qinghai, China"
2021-12-29T18:25:00,-7.5924,127.581,165.49,7.3,"Lospalos, Timor Leste"
2021-12-14T03:20:00,-7.6033,122.2,14.27,7.3,Flores Sea
2021-11-28T10:52:00,-4.4898,-76.8461,126,7.5,"Barranca, Peru"
2021-11-10T15:45:00,23.5414,126.48,12,6.6,"Hirara, Japan"
2021-10-11T09:10:00,56.2581,-156.492,51.6,6.9,"Chignik, Alaska"
2021-10-09T10:58:00,-21.1704,174.54,535,6.9,Vanuatu region
2021-10-02T06:29:00,-21.1036,174.895,527,7.3,Vanuatu region
2021-09-22T09:57:00,12.1598,-87.8542,21,6.5,"Jiquilillo, Nicaragua"
2021-09-08T01:47:00,16.9502,-99.7877,20,7,"Acapulco, Mexico"
2021-08-22T21:33:00,-60.3026,-24.9992,6,7.1,South Sandwich Islands region
2021-08-22T00:45:00,-60.1023,-24.4608,7,6.6,South Sandwich Islands region
2021-08-18T10:10:00,-14.892,167.085,93,6.9,"Port-Olry, Vanuatu"
2021-08-16T11:10:00,-58.3814,-23.3318,16.7,6.9,South Sandwich Islands region
2021-08-14T12:29:00,18.3521,-73.4804,10,7.2,"Nippes, Haiti"
2021-08-14T11:57:00,55.2364,-157.707,33.3,6.9,"Perryville, Alaska"
2021-08-14T11:57:00,55.2657,-157.68,20.74,6.9,"Perryville, Alaska"
2021-08-12T18:35:00,-58.4157,-25.3206,22.79,8.1,South Sandwich Islands region
2021-08-12T18:32:00,-57.5959,-25.1874,47.23,7.5,South Sandwich Islands region
2021-08-11T17:46:00,6.4547,126.742,55.14,7.1,"Pondaguitan, Philippines"
2021-07-29T06:15:00,55.4742,-157.917,46.66,8.2,"Perryville, Alaska"
2021-07-29T06:15:00,55.3154,-157.829,35,8.2,"Perryville, Alaska"
2021-07-23T20:48:00,13.6989,120.713,110,6.7,"Hukay, Philippines"
2021-07-21T21:15:00,7.5904,-82.8813,10,6.7,"Burica, Panama"
2021-06-20T17:05:00,-30.2144,-177.773,25,6.5,"Kermadec Islands, New Zealand"
2021-05-21T22:13:00,-16.4796,-177.356,10,6.5,"Alo, Wallis and Futuna"
2021-05-21T18:04:00,34.5861,98.2551,10,7.3,"Southern Qinghai, China"
2021-05-14T06:33:00,0.1684,96.6475,11,6.7,"Sinabang, Indonesia"
2021-05-12T14:05:00,-17.2495,66.3745,10,6.7,Mauritius - Reunion region
2021-05-01T01:27:00,38.2296,141.665,43,6.9,Asia Japan
2021-04-25T22:28:00,-21.6857,-177.064,246,6.5,"Haveluloto, Tonga"
2021-04-24T00:23:00,-18.9204,-176.235,301,6.5,"Pangai, Tonga"
2021-03-20T09:09:00,38.4752,141.607,43,7,"Ishinomaki, Japan"
2021-03-16T18:38:00,54.7018,163.208,13.23,6.6,"Ust’-Kamchatsk Staryy, Russia"
2021-03-04T23:12:00,-28.4792,-176.619,24,6.5,Kermadec Islands region
2021-03-04T19:28:00,-29.7466,-177.224,28.93,8.1,"Kermadec Islands, New Zealand"
2021-03-04T17:41:00,-29.6131,-177.842,43,7.4,"Kermadec Islands, New Zealand"
2021-03-04T13:27:00,-37.596,179.544,10,7.3,"Gisborne, New Zealand"
2021-02-13T14:07:00,37.6856,141.992,43.98,7.1,"Namie, Japan"
2021-02-10T13:19:00,-23.2787,171.489,10,7.7,the Loyalty Islands
2021-01-23T23:36:00,-61.8484,-55.559,15,6.9,South Shetland Islands
2021-01-21T12:23:00,5.0074,127.517,80,7,"Pondaguitan, Philippines"
2021-01-11T21:32:00,51.2407,100.443,10,6.7,"Turt, Mongolia"
2020-12-27T21:39:00,-39.3264,-74.9067,10,6.7,"Corral, Chile"
2020-10-30T11:51:00,37.8973,26.7953,21,7,"Néon Karlovásion, Greece"
2020-10-19T20:54:00,54.662,-159.675,28.37,7.6,"Sand Point, Alaska"
2020-09-18T21:43:00,0.9604,-26.8332,10,6.9,central Mid-Atlantic Ridge
2020-09-01T21:09:00,-27.9285,-71.3937,16,6.5,"Vallenar, Chile"
2020-09-01T04:09:00,-28.013,-71.1958,21,6.8,"Vallenar, Chile"
2020-08-30T21:20:00,0.8696,-29.7046,10,6.5,central Mid-Atlantic Ridge
2020-08-21T04:09:00,-6.6704,123.493,624,6.9,"Katabu, Indonesia"
2020-08-18T22:29:00,-4.2791,101.215,26,6.9,"Bengkulu, Indonesia"
2020-08-18T22:23:00,-4.3724,101.095,22,6.8,"Bengkulu, Indonesia"
2020-08-18T00:03:00,12.0065,124.13,10,6.6,"San Pedro, Philippines"
2020-07-22T06:12:00,55.1079,-158.477,28,7.8,"Perryville, Alaska"
2020-07-17T02:50:00,-7.847,147.755,73,7,"Popondetta, Papua New Guinea"
2020-07-06T22:54:00,-5.6368,110.678,533.76,6.6,"Batang, Indonesia"
2020-06-23T15:29:00,15.9163,-95.9533,20,7.4,"Santa María Xadani, Mexico"
2020-06-18T12:49:00,-33.2938,-177.838,10,7.4,the Kermadec Islands
2020-06-13T15:51:00,28.9386,128.262,165,6.6,"Naze, Japan"
2020-06-03T07:35:00,-23.2966,-68.4204,112,6.8,"San Pedro de Atacama, Chile"
2020-05-15T11:03:00,38.1689,-117.85,2.7,6.5,"Monte Cristo Range, NV Earthquake"
2020-05-12T22:41:00,-12.0662,166.648,107,6.6,"Lata, Solomon Islands"
2020-05-06T13:53:00,-6.7762,129.785,96,6.8,Banda Sea
2020-05-02T12:51:00,34.1818,25.7101,10,6.5,"Néa Anatolí, Greece"
2020-03-31T23:52:00,44.4646,-115.118,12.06,6.5,"Stanley, Idaho"
2020-03-25T02:49:00,48.9638,157.695,57.8,7.5,"Severo-Kuril’sk, Russia"
2020-02-13T10:33:00,45.6161,148.959,143,7,"Kuril’sk, Russia"
2020-01-28T19:10:00,19.4193,-78.756,14.86,7.7,"Lucea, Jamaica"
2020-01-24T17:55:00,38.4312,39.0609,10,6.7,"Do?anyol, Turkey"
2019-12-15T06:11:00,6.6969,125.174,18,6.8,"Magsaysay, Philippines"
2019-11-14T16:17:00,1.6213,126.416,33,7.1,"Bitung, Indonesia"
2019-11-08T10:44:00,-21.9449,-179.511,577,6.5,"Ndoi Island, Fiji"
2019-11-04T22:43:00,-18.5747,-175.272,10,6.6,"Neiafu, Tonga"
2019-10-31T01:11:00,6.9098,125.178,10,6.5,"Kisante, Philippines"
2019-10-29T01:04:00,6.7567,125.008,15,6.6,"Columbio, Philippines"
2019-09-29T15:57:00,-35.4758,-73.163,11,6.7,"Constitución, Chile"
2019-09-25T23:46:00,-3.4528,128.37,12.26,6.5,"Kairatu, Indonesia"
2019-09-01T15:54:00,-20.3641,-178.57,591,6.6,"Ndoi Island, Fiji"
2019-08-27T23:55:00,-60.2152,-26.5801,16,6.6,"Bristol Island, South Sandwich Islands"
2019-08-02T12:03:00,-7.2822,104.791,49,6.9,"Labuan, Indonesia"
2019-08-01T18:28:00,-34.2364,-72.3102,25,6.8,"San Antonio, Chile"
2019-07-31T15:02:00,-16.1985,167.998,181,6.6,"Lakatoro, Vanuatu"
2019-07-14T09:10:00,-0.5858,128.034,18.98,7.2,"Laiwui, Indonesia"
2019-07-14T05:39:00,-18.2242,120.358,10,6.6,"Broome, Australia"
2019-07-07T15:08:00,0.5126,126.189,35,6.9,"Kota Ternate, Indonesia"
2019-07-06T03:19:00,35.7695,-117.599,8,7.1,"Searles Valley, CA"
2019-06-24T02:53:00,-6.4078,129.169,212,7.3,"Saumlaki, Indonesia"
2019-06-15T22:55:00,-30.6441,-178.1,46,7.3,"L'Esperance Rock, New Zealand"
2019-05-30T09:03:00,13.1994,-89.3056,57.92,6.6,"La Libertad, El Salvador"
2019-05-26T07:41:00,-5.8119,-75.2697,122.57,8,"Navarro, Peru"
2019-05-14T12:58:00,-4.051,152.597,10,7.6,"Namatanai, Papua New Guinea"
2019-05-06T21:19:00,-6.9746,146.449,146,7.1,"Bulolo, Papua New Guinea"
2019-04-12T11:40:00,-1.8146,122.58,15.46,6.8,"Luwuk, Indonesia"
2019-04-09T17:53:00,-58.6262,-25.304,38,6.5,"Bristol Island, South Sandwich Islands"
2019-03-01T08:50:00,-14.7131,-70.1546,267,7,"Azángaro, Peru"
2019-02-22T10:17:00,-2.1862,-77.0505,145,7.5,"Palora, Ecuador"
2019-02-01T16:14:00,14.6802,-92.4527,66,6.7,"Puerto Madero, Mexico"
2019-01-22T19:01:00,-43.1219,42.3568,13,6.7,Prince Edward Islands region
2019-01-20T01:32:00,-30.0404,-71.3815,63,6.7,"Coquimbo, Chile"
2019-01-15T18:06:00,-13.336,166.875,35,6.6,"Sola, Vanuatu"
2019-01-06T17:27:00,2.258,126.758,43.21,6.6,Molucca Sea
2019-01-05T19:25:00,-8.144,-71.587,570.41,6.8,"Tarauaca, Brazil"
2018-12-29T03:39:00,5.8983,126.921,60.21,7,"Pondaguitan, Philippines"
2018-12-20T17:01:00,55.0999,164.699,16.56,7.3,"Ust’-Kamchatsk Staryy, Russia"
2018-12-11T02:26:00,-58.5446,-26.3856,133,7.1,South Sandwich Islands region
2018-12-05T06:43:00,-22.0629,169.733,10,6.6,"Tadine, New Caledonia"
2018-12-05T04:18:00,-21.9496,169.427,10,7.5,"Tadine, New Caledonia"
2018-11-30T17:29:00,61.3464,-149.955,46.7,7.1,"Point MacKenzie, Alaska"
2018-11-18T20:25:00,-17.8735,-178.927,540,6.8,"Levuka, Fiji"
2018-11-09T01:49:00,71.6312,-11.2431,10,6.7,"Olonkinbyen, Svalbard and Jan Mayen"
2018-10-25T22:54:00,37.5203,20.5565,14,6.8,"Lithakiá, Greece"
2018-10-22T06:22:00,49.297,-129.724,10,6.5,"Port McNeill, Canada"
2018-10-22T06:16:00,49.3346,-129.289,10,6.8,"Port McNeill, Canada"
2018-10-22T05:39:00,49.2586,-129.412,10,6.5,"Port McNeill, Canada"
2018-10-16T01:03:00,-21.7427,169.522,17,6.5,"Tadine, New Caledonia"
2018-10-13T11:10:00,52.8549,153.243,461,6.7,"Ozernovskiy, Russia"
2018-10-10T23:16:00,49.2902,156.297,20,6.5,"Severo-Kuril’sk, Russia"
2018-10-10T20:48:00,-5.7012,151.205,39,7,"Kimbe, Papua New Guinea"
2018-09-30T10:52:00,-18.3604,-178.063,550,6.7,"Levuka, Fiji"
2018-09-28T10:02:00,-0.2559,119.846,20,7.5,"Palu, Indonesia"
2018-09-16T21:11:00,-25.415,178.199,576,6.5,the Fiji Islands
2018-09-10T04:19:00,-31.7447,-179.373,115,6.9,Kermadec Islands region
2018-09-09T19:31:00,-10.0207,161.503,68,6.5,"Kirakira, Solomon Islands"
2018-09-06T15:49:00,-18.4743,179.35,670.81,7.9,"Levuka, Fiji"
2018-09-05T18:07:00,42.6861,141.929,35,6.6,"Chitose, Japan"
2018-08-29T03:51:00,-22.0295,170.126,21.43,7.1,"Tadine, New Caledonia"
2018-08-24T09:04:00,-11.0355,-70.8284,630,7.1,"Iñapari, Peru"
2018-08-21T22:32:00,-16.0315,168.143,9,6.5,"Lakatoro, Vanuatu"
2018-08-21T21:31:00,10.7731,-62.9019,146.82,7.3,"Carúpano, Venezuela"
2018-08-19T14:56:00,-8.319,116.627,21,6.9,"Labuan Lombok, Indonesia"
2018-08-19T00:19:00,-18.1125,-178.153,600,8.2,"Levuka, Fiji"
2018-08-17T15:35:00,-7.3718,119.802,529,6.5,"Labuan Bajo, Indonesia"
2018-08-15T21:56:00,51.4234,-178.026,33.93,6.5,"Adak, Alaska"
2018-08-05T11:46:00,-8.2581,116.438,34,6.9,"Labuan Lombok, Indonesia"
2018-05-04T22:32:00,19.3182,-155,5.81,6.9,"Leilani Estates, Hawaii"
2018-04-02T13:40:00,-20.6588,-63.0058,559,6.8,"Boyuibe, Bolivia"
2018-03-29T21:25:00,-5.5321,151.5,35,6.9,"Kimbe, Papua New Guinea"
2018-03-26T09:51:00,-5.5024,151.402,40,6.7,"Kimbe, Papua New Guinea"
2018-03-08T17:39:00,-4.3762,153.2,22.86,6.8,"Kokopo, Papua New Guinea"
2018-03-06T14:13:00,-6.3043,142.612,20.49,6.7,"Tari, Papua New Guinea"
2018-02-25T17:44:00,-6.0699,142.754,25.21,7.5,"Tari, Papua New Guinea"
2018-02-16T23:39:00,16.3855,-97.9787,22,7.2,"Pinotepa de Don Luis, Mexico"
2018-01-23T09:31:00,56.0039,-149.166,14.06,7.9,"Chiniak, Alaska"
2018-01-14T09:18:00,-15.7675,-74.7092,39,7.1,"Atiquipa, Peru"
2018-01-10T02:51:00,17.4825,-83.52,19,7.5,"Barra Patuca, Honduras"
2017-12-15T16:47:00,-7.4921,108.174,90,6.5,"Kawalu, Indonesia"
2017-12-13T18:03:00,-54.2189,2.1628,17,6.5,Bouvet Island region
2017-11-19T22:43:00,-21.3246,168.671,10,7,"Tadine, New Caledonia"
2017-11-19T15:09:00,-21.5027,168.598,13,6.6,"Tadine, New Caledonia"
2017-11-13T02:28:00,9.5147,-84.4865,19.36,6.5,"Parrita, Costa Rica"
2017-11-12T18:18:00,34.9109,45.9592,19,7.3,"?alabja, Iraq"
2017-11-07T21:26:00,-4.2433,143.485,110.57,6.5,"Angoram, Papua New Guinea"
2017-11-04T09:00:00,-15.3197,-173.168,10,6.8,"Hihifo, Tonga"
2017-11-01T02:23:00,-21.6484,168.859,22,6.6,"Tadine, New Caledonia"
2017-10-31T00:42:00,-21.6971,169.148,24,6.7,"Tadine, New Caledonia"
2017-10-24T10:47:00,-7.2168,123.074,553.81,6.7,"Maumere, Indonesia"
2017-10-08T22:34:00,52.3909,176.769,119,6.5,"Attu Station, Alaska"
2017-09-19T18:14:00,18.5499,-98.4887,48,7.1,"Matzaco, Mexico"
2017-09-08T04:49:00,15.0222,-93.8993,47.39,8.2,"Chiapas, Mexico"
2017-08-08T13:19:00,33.1926,103.855,9,6.5,"Mawu, China"
2017-07-20T22:31:00,36.9293,27.4139,7,6.6,"Kos, Greece"
2017-07-17T23:34:00,54.4434,168.857,10,7.7,"Komandorskiye Ostrova, Russia region"
2017-07-11T07:00:00,-49.4837,164.016,10,6.6,"Auckland Islands, New Zealand region"
2017-07-06T08:03:00,11.1269,124.629,9,6.5,"Lim-oo, Philippines"
2017-06-22T12:31:00,13.7174,-90.9718,38.12,6.8,"Puerto San José, Guatemala"
2017-06-14T07:29:00,14.9091,-92.0092,93,6.9,"San Pablo, Guatemala"
2017-06-02T22:24:00,54.0312,170.92,5,6.8,"Attu Station, Alaska"
2017-05-29T14:35:00,-1.2923,120.431,12,6.6,"Poso, Indonesia"
2017-05-10T23:23:00,-56.414,-25.7432,15,6.5,South Sandwich Islands region
2017-05-09T13:52:00,-14.5884,167.377,169,6.8,"Port-Olry, Vanuatu"
2017-04-28T20:23:00,5.5043,125.066,26,6.9,"Burias, Philippines"
2017-04-24T21:38:00,-33.0375,-72.0617,28,6.9,"Valparaíso, Chile"
2017-04-03T17:40:00,-22.6784,25.1558,29,6.5,"Moijabana, Botswana"
2017-03-29T04:09:00,56.9401,162.786,17,6.6,"Ust’-Kamchatsk Staryy, Russia"
2017-02-24T17:28:00,-23.2593,-178.804,414.5,6.9,the Fiji Islands
2017-02-21T14:09:00,-19.2814,-63.9047,595.98,6.5,"Padilla, Bolivia"
2017-02-10T14:03:00,9.9071,125.452,15,6.5,"Mabua, Philippines"
2017-01-22T04:30:00,-6.2464,155.172,135,7.9,"Panguna, Papua New Guinea"
2017-01-19T23:04:00,-10.3506,161.335,36,6.5,"Kirakira, Solomon Islands"
2017-01-10T06:13:00,4.4782,122.617,627.17,7.3,"Tabiauan, Philippines"
2017-01-03T21:52:00,-19.3733,176.052,12,6.9,"Nadi, Fiji"
2016-12-25T14:22:00,-43.4064,-73.9413,38,7.6,"Quellón, Chile"
2016-12-21T00:17:00,-7.5082,127.921,152,6.7,"Lospalos, Timor Leste"
2016-12-17T10:51:00,-4.5049,153.522,94.54,7.9,"Kokopo, Papua New Guinea"
2016-12-09T19:10:00,-10.749,161.132,19.73,6.9,"Kirakira, Solomon Islands"
2016-12-08T21:56:00,-10.8416,161.314,12.26,6.5,"Kirakira, Solomon Islands"
2016-12-08T17:38:00,-10.6812,161.327,40,7.8,"Kirakira, Solomon Islands"
2016-12-08T14:49:00,40.4535,-126.194,8.45,6.6,"Ferndale, California"
2016-12-06T22:03:00,5.2834,96.1678,13,6.5,"Reuleuet, Indonesia"
2016-11-25T14:24:00,39.2732,73.9776,17,6.6,"Murghob, Tajikistan"
2016-11-24T18:43:00,11.9097,-88.8968,10,6.9,"Puerto El Triunfo, El Salvador"
2016-11-21T20:59:00,37.3931,141.387,9,6.9,"Namie, Japan"
2016-11-14T00:34:00,-42.6058,173.254,9,6.5,"Amberley, New Zealand"
2016-11-13T11:32:00,-42.3205,173.669,10,6.5,"Blenheim, New Zealand"
2016-11-13T11:02:00,-42.7373,173.054,15.11,7.8,"Amberley, New Zealand"
2016-10-30T06:40:00,42.8621,13.0961,8,6.6,"Preci, Italy"
2016-10-19T00:26:00,-4.8626,108.163,614,6.6,"Pamanukan, Indonesia"
2016-10-17T06:14:00,-6.0033,148.887,42,6.8,"Kandrian, Papua New Guinea"
2016-09-24T21:28:00,-19.7819,-178.244,596.4,6.9,Fiji region
2016-09-01T16:37:00,-37.3586,179.146,19,7,"Gisborne, New Zealand"
2016-08-31T03:11:00,-3.6849,152.792,476,6.8,"Rabaul, Papua New Guinea"
2016-08-24T10:34:00,20.9228,94.569,82,6.8,"Chauk, Myanmar"
2016-08-12T01:26:00,-22.4765,173.117,16.37,7.2,the Loyalty Islands
2016-07-29T21:18:00,18.5429,145.507,196,7.7,"Pagan region, Northern Mariana Islands"
2016-06-01T22:56:00,-2.0967,100.665,50,6.6,"Sungai Penuh, Indonesia"
2016-05-28T09:46:00,-56.2409,-26.9353,78,7.2,South Sandwich Islands region
2016-05-28T05:38:00,-21.9724,-178.204,405.69,6.9, 
2016-05-18T16:46:00,0.4947,-79.616,29.95,6.9,"Rosa Zarate, Ecuador"
2016-05-18T07:57:00,0.4261,-79.7899,16,6.7,"Muisne, Ecuador"
2016-04-28T19:33:00,-16.0429,167.379,24,7,"Norsup, Vanuatu"
2016-04-16T23:58:00,0.3819,-79.9218,20.59,7.8,"Muisne, Ecuador"
2016-04-15T16:25:00,32.7906,130.754,10,7,"Kumamoto, Japan"
2016-04-13T13:55:00,23.0944,94.8654,136,6.9,"Mawlaik, Myanmar"
2016-04-10T10:28:00,36.4725,71.1311,212,6.6,"Ashk?sham, Afghanistan"
2016-04-07T03:32:00,-13.9805,166.594,27.59,6.7,"Sola, Vanuatu"
2016-04-06T06:58:00,-14.0683,166.624,24,6.7,"Sola, Vanuatu"
2016-04-03T08:23:00,-14.3235,166.855,26,6.9,"Port-Olry, Vanuatu"
2016-03-02T12:49:00,-4.9521,94.3299,24,7.8,"Sumatra, Indonesia"
2016-01-30T03:25:00,53.9776,158.546,177,7.2,"Mil’kovo, Russia"
2016-01-24T10:30:00,59.6204,-153.339,125.6,7.1,"Pedro Bay, Alaska"
2016-01-21T18:06:00,18.8239,-106.934,10,6.6,"La Cruz de Loreto, Mexico"
2016-01-14T03:25:00,41.9723,142.781,46,6.7,"Shizunai-furukawach?, Japan"
2016-01-11T16:38:00,3.8965,126.862,13,6.5,"Sarangani, Philippines"
2016-01-03T23:05:00,24.8036,93.6505,55,6.7,"Imph?l, India"
2015-12-17T19:49:00,15.8015,-93.633,85,6.6,"Manuel Ávila Camacho (Ponte Duro), Mexico"
2015-12-09T10:21:00,-4.1064,129.508,21,6.9,"Amahai, Indonesia"
2015-12-07T07:50:00,38.2107,72.7797,22,7.2,"Murghob, Tajikistan"
2015-11-26T05:45:00,-9.1825,-71.2574,602.75,6.7,"Tarauacá, Brazil"
2015-11-24T22:50:00,-10.0598,-71.0184,620.56,7.6,"Iñapari, Peru"
2015-11-24T22:45:00,-10.5372,-70.9437,606.21,7.6,"Iñapari, Peru"
2015-11-18T18:31:00,-8.8994,158.422,12.59,6.8,"Buala, Solomon Islands"
2015-11-17T07:10:00,38.67,20.6,11,6.5,"Lefkáda, Greece"
2015-11-13T20:51:00,31.0009,128.873,12,6.7,"Makurazaki, Japan"
2015-11-11T02:46:00,-29.5097,-72.0585,10,6.9,"Coquimbo, Chile"
2015-11-11T01:54:00,-29.5067,-72.0068,12,6.9,"Coquimbo, Chile"
2015-11-08T16:47:00,6.8431,94.648,10,6.6,"Nicobar Islands, India region"
2015-11-07T07:31:00,-30.8796,-71.4519,46,6.8,"Ovalle, Chile"
2015-11-04T03:44:00,-8.3381,124.875,20,6.5,"Maubara, Timor Leste"
2015-10-26T09:09:00,36.5244,70.3676,231,7.5,"Hindu Kush region, Afghanistan"
2015-10-20T21:52:00,-14.8595,167.303,135,7.1,"Port-Olry, Vanuatu"
2015-09-24T15:53:00,-0.6212,131.262,18,6.6,"Sorong, Indonesia"
2015-09-21T17:40:00,-31.7275,-71.3792,35,6.6,"Illapel, Chile"
2015-09-17T04:10:00,-31.5173,-71.804,23,6.7,"Illapel, Chile"
2015-09-17T03:55:00,-31.4244,-71.6876,27,6.5,"Illapel, Chile"
2015-09-16T23:18:00,-31.5622,-71.4262,28.41,7,"Illapel, Chile"
2015-09-16T22:54:00,-31.5729,-71.6744,22.44,8.3,"Illapel, Chile"
2015-09-13T08:14:00,24.913,-109.623,10,6.7,"Topolobampo, Mexico"
2015-08-12T18:49:00,-9.3293,157.877,6.43,6.5,"Gizo, Solomon Islands"
2015-08-10T04:12:00,-9.3438,158.053,22,6.6,"Malango, Solomon Islands"
2015-07-27T21:41:00,-2.6286,138.528,48,7,"Abepura, Indonesia"
2015-07-27T04:49:00,52.376,-169.446,29,6.9,"Fox Islands, Aleutian Islands, Alaska"
2015-07-18T02:27:00,-10.4012,165.141,11,7,"Lata, Solomon Islands"
2015-07-16T15:16:00,13.8672,-58.5479,20,6.5,"Bathsheba, Barbados"
2015-07-10T04:12:00,-9.307,158.403,12,6.7,"Malango, Solomon Islands"
2015-06-23T12:18:00,27.7375,139.725,460,6.5,"Bonin Islands, Japan region"
2015-05-30T11:23:00,27.8386,140.493,664,7.8,"Bonin Islands, Japan region"
2015-05-29T07:00:00,56.594,-156.43,72.6,6.8,"Ugashik, Alaska"
2015-05-22T23:59:00,-11.1093,163.215,10,6.8,"Kirakira, Solomon Islands"
2015-05-22T21:45:00,-11.0559,163.696,11.19,6.9,"Kirakira, Solomon Islands"
2015-05-20T22:48:00,-10.8759,164.169,11,6.8,"Lata, Solomon Islands"
2015-05-12T21:12:00,38.9056,142.032,35,6.8,"?funato, Japan"
2015-05-12T07:05:00,27.8087,86.0655,15,7.3,Nepal
2015-05-07T07:10:00,-7.2175,154.557,10,7.1,"Panguna, Papua New Guinea"
2015-05-05T01:44:00,-5.4624,151.875,55,7.5,"Kokopo, Papua New Guinea"
2015-05-01T08:06:00,-5.2005,151.777,44,6.8,"Kokopo, Papua New Guinea"
2015-04-30T10:45:00,-5.375,151.771,31,6.7,"Kokopo, Papua New Guinea"
2015-04-26T07:09:00,27.7711,86.0173,22.91,6.7,"Kod?ri??, Nepal"
2015-04-25T06:45:00,28.2244,84.8216,10,6.6,"Bharatpur, Nepal"
2015-04-25T06:11:00,28.2305,84.7314,8.22,7.8,"Bharatpur, Nepal"
2015-04-17T15:52:00,-15.8815,-178.6,10,6.5,"Alo, Wallis and Futuna"
2015-03-30T08:48:00,-15.4994,-173.029,11,6.5,"Hihifo, Tonga"
2015-03-29T23:48:00,-4.7294,152.562,41,7.5,"Kokopo, Papua New Guinea"
2015-02-27T13:45:00,-7.2968,122.535,552.06,7,"Maumere, Indonesia"
2015-02-16T23:06:00,39.8558,142.881,23,6.7,"Miyako, Japan"
2015-02-11T18:57:00,-23.1125,-66.688,223,6.7,"El Aguilar, Argentina"
2015-01-23T03:47:00,-17.0309,168.52,219.96,6.8,"Port-Vila, Vanuatu"
2015-01-07T05:07:00,5.9045,-82.6576,8,6.5,"Punta de Burica, Panama"
2014-12-08T08:54:00,7.9401,-82.6865,20,6.6,"Punta de Burica, Panama"
2014-12-07T01:22:00,-6.5108,154.46,23,6.6,"Panguna, Papua New Guinea"
2014-12-02T05:11:00,6.1572,123.126,614,6.6,"Sangay, Philippines"
2014-11-26T14:33:00,1.9604,126.575,39,6.8,"Ternate, Indonesia"
2014-11-21T10:10:00,2.2999,127.056,35,6.5,"Tobelo, Indonesia"
2014-11-16T22:33:00,-37.6478,179.662,22,6.7,"Gisborne, New Zealand"
2014-11-15T02:31:00,1.8929,126.522,45,7.1,"Ternate, Indonesia"
2014-11-07T03:33:00,-5.9873,148.232,53.19,6.6,"Finschhafen, Papua New Guinea"
2014-11-01T18:57:00,-19.6903,-177.759,434,7.1,Fiji region
2014-10-14T03:51:00,12.5262,-88.1225,40,7.3,"Intipucá, El Salvador"
2014-09-17T06:14:00,13.7641,144.429,130,6.7,"Piti Village, Guam"
2014-08-24T23:21:00,-14.598,-73.5714,101,6.8,"Aniso, Peru"
2014-08-03T00:22:00,0.8295,146.169,13,6.9,Micronesia region
2014-07-21T14:54:00,-19.8015,-178.4,615.42,6.9,Fiji region
2014-07-11T19:22:00,37.0052,142.452,20,6.5,"Namie, Japan"
2014-07-07T11:23:00,14.724,-92.4614,53,6.9,"Puerto Madero, Mexico"
2014-07-04T15:00:00,-6.2304,152.807,20,6.5,"Kokopo, Papua New Guinea"
2014-06-29T17:15:00,-14.9831,-175.51,18,6.7,"Mata-Utu, Wallis and Futuna"
2014-06-29T07:52:00,-55.4703,-28.3669,8,6.9,South Sandwich Islands region
2014-06-23T20:53:00,51.8486,178.735,109,7.9,"Rat Islands, Aleutian Islands, Alaska"
2014-06-23T20:06:00,-29.9414,-177.607,26.59,6.7,"Kermadec Islands, New Zealand"
2014-06-23T19:21:00,-29.9379,-177.516,10,6.5,"Kermadec Islands, New Zealand"
2014-06-23T19:19:00,-29.9772,-177.725,20,6.9,"Kermadec Islands, New Zealand"
2014-05-24T09:25:00,40.2893,25.3889,6.43,6.9,"Kamariótissa, Greece"
2014-05-13T06:35:00,7.2096,-82.3045,10,6.5,"Punta de Burica, Panama"
2014-05-01T06:36:00,-21.4542,170.355,106,6.6,"Isangel, Vanuatu"
2014-04-24T03:10:00,49.6388,-127.732,10,6.5,"Vernon, Canada"
2014-04-19T13:28:00,-6.7547,155.024,43.37,7.5,"Panguna, Papua New Guinea"
2014-04-19T01:04:00,-6.6558,155.087,29,6.6,"Panguna, Papua New Guinea"
2014-04-18T14:27:00,17.397,-100.972,24,7.2,"Coyuquilla Norte, Mexico"
2014-04-13T13:24:00,-11.1284,162.052,10,6.6,"Kirakira, Solomon Islands"
2014-04-13T12:36:00,-11.4633,162.051,39,7.4,"Kirakira, Solomon Islands"
2014-04-12T20:14:00,-11.2701,162.148,22.56,7.6,"Kirakira, Solomon Islands"
2014-04-11T20:29:00,11.642,-85.8779,135,6.6,"Belén, Nicaragua"
2014-04-11T08:16:00,-6.7878,154.95,20,6.5,"Panguna, Papua New Guinea"
2014-04-11T07:07:00,-6.5858,155.048,60.53,7.1,"Panguna, Papua New Guinea"
2014-04-03T02:43:00,-20.5709,-70.4931,22.4,7.7,"Iquique, Chile"
2014-04-03T01:58:00,-20.3113,-70.5756,24.07,6.5,"Iquique, Chile"
2014-04-01T23:57:00,-19.8927,-70.9455,28.42,6.9,"Iquique, Chile"
2014-04-01T23:46:00,-19.6097,-70.7691,25,8.2,"Iquique, Chile"
2014-03-16T21:16:00,-19.9807,-70.7022,20,6.7,"Iquique, Chile"
2014-03-10T05:18:00,40.8287,-125.134,16.441,6.8,"Indianola, California"
2014-03-02T20:11:00,27.4312,127.367,119,6.5,"Nago, Japan"
2014-02-18T09:27:00,14.6682,-58.9272,14.83,6.5,"Greenland, Barbados"
2014-02-12T09:19:00,35.9053,82.5864,10,6.9,"Hotan, China"
2014-02-07T08:40:00,-15.0691,167.372,122,6.5,"Port-Olry, Vanuatu"
2014-02-02T09:26:00,-32.9076,-177.881,44.26,6.5,the Kermadec Islands
2014-01-01T16:03:00,-13.8633,167.249,187,6.5,"Sola, Vanuatu"
2013-11-23T07:48:00,-17.1171,-176.545,371,6.5,Fiji region
2013-11-17T09:04:00,-60.2738,-46.4011,10,7.7,Scotia Sea
2013-11-16T03:34:00,-60.2627,-47.0621,9.97,6.9,Scotia Sea
2013-10-31T23:03:00,-30.2921,-71.5215,27,6.6,"Coquimbo, Chile"
2013-10-25T17:10:00,37.1557,144.661,35,7.1,"off the east coast of Honshu, Japan"
2013-10-19T17:54:00,26.0913,-110.321,9.45,6.6,"Etchoropo, Mexico"
2013-10-16T10:30:00,-6.4456,154.931,35,6.8,"Panguna, Papua New Guinea"
2013-10-15T00:12:00,9.8796,124.117,19.04,7.1,"Sagbayan, Philippines"
2013-10-12T13:11:00,35.5142,23.2523,40,6.6,"Kíssamos, Greece"
2013-10-01T03:38:00,53.1995,152.786,573,6.7,Okhotsk
2013-09-30T05:55:00,-30.9255,-178.323,41.54,6.5,"Kermadec Islands, New Zealand"
2013-09-28T07:34:00,27.1825,65.5052,12,6.8,"Khuzdar, Pakistan"
2013-09-25T16:42:00,-15.8385,-74.5112,40,7.1,"Atiquipa, Peru"
2013-09-24T11:29:00,26.951,65.5009,15,7.7,"Bela, Pakistan"
2013-09-04T02:32:00,51.5573,-174.767,20,6.5,"Atka, Alaska"
2013-09-04T00:18:00,29.9377,138.833,402,6.5,"Izu Islands, Japan region"
2013-09-01T11:52:00,-7.44,128.221,112,6.5,"Lospalos, Timor Leste"
2013-08-30T16:25:00,51.537,-175.23,29,7,"Atka, Alaska"
2013-08-16T02:31:00,-41.734,174.152,8.2,6.5,"Blenheim, New Zealand"
2013-08-13T15:43:00,5.7732,-78.1999,12,6.7,"Bahía Solano, Colombia"
2013-07-21T05:09:00,-41.704,174.337,17,6.5,"Blenheim, New Zealand"
2013-07-15T14:03:00,-60.857,-25.07,11,7.3,South Sandwich Islands region
2013-07-07T20:30:00,-6.029,149.706,56,6.6,"Kandrian, Papua New Guinea"
2013-07-07T18:35:00,-3.917,153.927,385.5,7.3,"Kokopo, Papua New Guinea"
2013-06-24T22:04:00,10.701,-42.594,10,6.6,northern Mid-Atlantic Ridge
2013-06-15T17:34:00,11.763,-86.926,30,6.5,"Masachapa, Nicaragua"
2013-06-13T16:47:00,-10.004,107.236,9,6.7,"Java, Indonesia"
2013-05-24T14:56:00,52.235,151.444,624,6.7,Okhotsk
2013-05-24T05:44:00,54.892,153.221,598.1,8.3,Okhotsk
2013-05-23T17:19:00,-23.009,-177.232,173.7,7.4,"Vaini, Tonga"
2013-05-14T00:32:00,18.728,145.288,602.2,6.8,"Pagan region, Northern Mariana Islands"
2013-04-23T23:14:00,-3.898,152.127,10,6.5,"Rabaul, Papua New Guinea"
2013-04-20T00:02:00,30.308,102.888,14,6.6,"Linqiong, China"
2013-04-19T03:05:00,46.221,150.788,110,7.2,"Kuril’sk, Russia"
2013-04-16T22:55:00,-3.214,142.542,13,6.6,"Aitape, Papua New Guinea"
2013-04-16T10:44:00,28.033,61.996,80,7.7,"Kh?sh, Iran"
2013-04-14T01:32:00,-6.475,154.607,31,6.6,"Panguna, Papua New Guinea"
2013-04-06T04:42:00,-3.517,138.476,66,7,"Abepura, Indonesia"
2013-03-10T22:51:00,-6.598,148.174,28,6.5,"Finschhafen, Papua New Guinea"
2013-03-01T13:20:00,50.958,157.408,29,6.5,"Ozernovskiy, Russia"
2013-02-28T14:05:00,50.954,157.283,41,6.9,"Ozernovskiy, Russia"
2013-02-14T13:13:00,67.631,142.508,11,6.6,"Belaya Gora, Russia"
2013-02-09T21:02:00,-10.994,165.741,18,6.6,"Lata, Solomon Islands"
2013-02-09T14:16:00,1.135,-77.393,145,6.9,"Yacuanquer, Colombia"
2013-02-08T15:26:00,-10.928,166.018,21,7.1,"Lata, Solomon Islands"
2013-02-08T11:12:00,-10.838,165.969,12,6.8,"Lata, Solomon Islands"
2013-02-07T18:59:00,-10.997,165.655,11,6.7,"Lata, Solomon Islands"
2013-02-06T01:54:00,-10.499,165.588,8.8,7,"Lata, Solomon Islands"
2013-02-06T01:23:00,-11.183,164.882,10,7.1,"Lata, Solomon Islands"
2013-02-06T01:12:00,-10.799,165.114,24,8,"Lata, Solomon Islands"
2013-02-02T14:17:00,42.77,143.092,107,6.9,"Obihiro, Japan"
2013-01-30T20:15:00,-28.094,-70.653,45,6.8,"Vallenar, Chile"
2013-01-05T08:58:00,55.228,-134.859,8.7,7.5,"Edna Bay, Alaska"
2012-12-21T22:28:00,-14.344,167.286,200.7,6.7,"Sola, Vanuatu"
2012-12-10T16:53:00,-6.533,129.825,155,7.1,Banda Sea
2012-12-07T08:18:00,37.89,143.949,31,7.3,"?funato, Japan"
2012-11-11T22:14:00,14.129,-92.164,20,6.5,"Champerico, Guatemala"
2012-11-11T01:12:00,23.005,95.885,13.7,6.8,"Shwebo, Myanmar"
2012-11-07T16:35:00,13.988,-91.895,24,7.4,"Champerico, Guatemala"
2012-10-28T03:04:00,52.788,-132.101,14,7.8,"Prince Rupert, Canada"
2012-10-24T00:45:00,10.086,-85.298,17,6.5,Costa Rica
2012-10-12T00:31:00,-4.892,134.03,13,6.6,"Tual, Indonesia"
2012-09-30T16:31:00,1.929,-76.362,170,7.3,"San Agustín, Colombia"
2012-09-05T14:42:00,10.085,-85.315,35,7.6,"Hojancha, Costa Rica"
2012-08-31T12:47:00,10.811,126.638,28,7.6,"Sulangan, Philippines"
2012-08-27T04:37:00,12.139,-88.59,28,7.3,"Puerto El Triunfo, El Salvador"
2012-08-26T15:05:00,2.19,126.837,91.1,6.6,"Tobelo, Indonesia"
2012-08-14T02:59:00,49.8,145.064,583.2,7.7,"Poronaysk, Russia"
2012-07-28T20:03:00,-4.651,153.173,41,6.5,"Kokopo, Papua New Guinea"
2012-04-28T10:08:00,-18.685,-174.705,134.7,6.6,"Neiafu, Tonga"
2012-04-21T01:16:00,-1.617,134.276,16,6.7,"Manokwari, Indonesia"
2012-04-17T07:13:00,-5.462,147.117,198,6.8,"Lae, Papua New Guinea"
2012-04-17T03:50:00,-32.625,-71.365,29,6.7,"Hacienda La Calera, Chile"
2012-04-12T07:15:00,28.696,-113.104,13,7,"San Luis, Mexico"
2012-04-11T22:55:00,18.229,-102.689,20,6.5,"El Habillal, Mexico"
2012-04-11T10:43:00,0.802,92.463,25.1,8.2,off the west coast of northern Sumatra
2012-04-11T08:38:00,2.327,93.063,20,8.6,off the west coast of northern Sumatra
2012-03-25T22:37:00,-35.2,-72.217,40.7,7.1,"Constitución, Chile"
2012-03-21T22:15:00,-6.242,145.955,118,6.6,"Kainantu, Papua New Guinea"
2012-03-20T18:02:00,16.493,-98.231,20,7.4,"Santiago Llano Grande, Mexico"
2012-02-26T06:17:00,51.708,95.991,12,6.7,"Saryg-Sep, Russia"
2012-02-06T03:49:00,9.999,123.206,11,6.7,"Jimalalud, Philippines"
2012-02-02T13:34:00,-17.827,167.133,23,7.1,"Port-Vila, Vanuatu"
2012-01-10T18:36:00,2.433,93.21,19,7.2,off the west coast of northern Sumatra
2011-12-27T15:21:00,51.842,95.911,15,6.6,"Saryg-Sep, Russia"
2011-12-14T05:04:00,-7.551,146.809,135,7.1,"Wau, Papua New Guinea"
2011-12-11T01:47:00,17.986,-99.789,59,6.5,"Nuevo Balsas, Mexico"
2011-10-28T18:54:00,-14.438,-75.966,24,6.9,"Santiago, Peru"
2011-10-23T10:41:00,38.721,43.508,18,7.1,"Van, Turkey"
2011-10-14T03:35:00,-6.57,147.881,37,6.5,"Finschhafen, Papua New Guinea"
2011-09-18T12:40:00,27.73,88.155,50,6.9,"Mangan, India"
2011-09-16T19:26:00,40.273,142.779,30,6.7,"Miyako, Japan"
2011-09-05T17:55:00,2.965,97.893,91,6.7,"Kabanjahe, Indonesia"
2011-09-03T22:55:00,-20.671,169.716,185.1,7,"Isangel, Vanuatu"
2011-08-24T17:46:00,-7.641,-74.525,147,7,"Contamana, Peru"
2011-08-20T18:19:00,-18.311,168.218,28,7.1,"Port-Vila, Vanuatu"
2011-08-20T17:13:00,-18.308,168.156,35,6.5,"Port-Vila, Vanuatu"
2011-08-20T16:55:00,-18.365,168.143,32,7.2,"Port-Vila, Vanuatu"
2011-07-31T23:38:00,-3.518,144.828,10,6.6,"Angoram, Papua New Guinea"
2011-07-06T19:03:00,-29.539,-176.34,17,7.6,Kermadec Islands region
2011-06-22T21:50:00,39.955,142.205,33,6.7,"Miyako, Japan"
2011-05-10T08:55:00,-20.244,168.226,11,6.8,"Wé, New Caledonia"
2011-04-23T04:16:00,-10.375,161.2,79,6.8,"Kirakira, Solomon Islands"
2011-04-11T08:16:00,37.001,140.401,11,6.6,"Ishikawa, Japan"
2011-04-07T14:32:00,38.276,141.588,42,7.1,"Ishinomaki, Japan"
2011-04-07T13:11:00,17.208,-94.338,166.2,6.6,"Helio García Alfaro, Mexico"
2011-03-24T13:55:00,20.687,99.822,8,6.9,"Tachilek, Myanmar"
2011-03-11T11:36:00,39.241,142.463,25.7,6.6,"?tsuchi, Japan"
2011-03-11T08:19:00,36.166,141.562,6.8,6.5,"Hasaki, Japan"
2011-03-11T06:25:00,38.058,144.59,18.6,7.7,"Kamaishi, Japan"
2011-03-11T06:15:00,36.281,141.111,42.6,7.9,"?arai, Japan"
2011-03-11T05:46:00,38.297,142.373,29,9.1,"2011 Great Tohoku Earthquake, Japan"
2011-03-09T02:45:00,38.435,142.842,32,7.3,"?funato, Japan"
2011-02-14T03:40:00,-35.38,-72.834,21,6.7,"Constitución, Chile"
2011-02-11T20:05:00,-36.422,-72.96,26,6.9,"Tomé, Chile"
2011-01-18T20:23:00,28.777,63.951,68,7.2,"Dalbandin, Pakistan"
2011-01-13T16:16:00,-20.628,168.471,9,7,"Tadine, New Caledonia"
2011-01-02T20:20:00,-38.355,-73.326,24,7.2,"Carahue, Chile"
2010-12-25T13:16:00,-19.702,167.947,16,7.3,"Isangel, Vanuatu"
2010-12-20T18:41:00,28.412,59.18,12,6.7,"Bam, Iran"
2010-12-02T03:12:00,-6.001,149.977,33,6.6,"Kandrian, Papua New Guinea"
2010-10-25T14:42:00,-3.487,100.082,20.1,7.8,"Sungai Penuh, Indonesia"
2010-10-21T17:53:00,24.696,-109.156,13,6.7,"El Huitusi, Mexico"
2010-09-29T17:11:00,-4.963,133.76,26,7,"Papua, Indonesia"
2010-09-03T16:35:00,-43.522,171.83,12,7,"Methven, New Zealand"
2010-08-12T11:54:00,-1.266,-77.306,206.7,7.1,Ecuador
2010-08-10T05:23:00,-17.541,168.069,25,7.3,"Port-Vila, Vanuatu"
2010-08-04T22:01:00,-5.746,150.765,44,7,"Kimbe, Papua New Guinea"
2010-08-04T07:15:00,-5.486,146.822,220,6.5,"Madang, Papua New Guinea"
2010-07-23T22:51:00,6.497,123.48,578,7.6,"Bantogon, Philippines"
2010-07-18T13:34:00,-5.931,150.59,35,7.3,"New Britain region, Papua New Guinea"
2010-07-18T13:04:00,-5.966,150.428,28,6.9,"Kimbe, Papua New Guinea"
2010-07-14T08:32:00,-38.067,-73.31,22,6.6,"Cañete, Chile"
2010-06-26T05:30:00,-10.627,161.447,35,6.7,"Kirakira, Solomon Islands"
2010-06-16T03:58:00,-2.329,136.484,10.5,6.6,"Biak, Indonesia"
2010-06-16T03:16:00,-2.174,136.543,18,7,"Biak, Indonesia"
2010-06-12T19:26:00,7.881,91.936,35,7.5,"Nicobar Islands, India region"
2010-05-27T17:14:00,-13.698,166.643,31,7.2,"Sola, Vanuatu"
2010-05-09T05:59:00,3.748,96.018,38,7.2,"Meulaboh, Indonesia"
2010-04-13T23:49:00,33.165,96.548,17,6.9,"Qamdo, China"
2010-04-11T09:40:00,-10.878,161.116,21,6.9,"Kirakira, Solomon Islands"
2010-04-06T22:15:00,2.383,97.048,31,7.8,"Sinabang, Indonesia"
2010-04-04T22:40:00,32.2862,-115.295,9.987,7.2,"Delta, B.C., MX"
2010-03-30T16:54:00,13.667,92.831,34,6.6,"Bamboo Flat, India"
2010-03-16T02:21:00,-36.217,-73.257,18,6.7,"Tomé, Chile"
2010-03-14T08:08:00,37.745,141.59,32,6.5,"Namie, Japan"
2010-03-11T14:55:00,-34.326,-71.799,18,7,"Santa Cruz, Chile"
2010-03-11T14:39:00,-34.29,-71.891,11,6.9,"Santa Cruz, Chile"
2010-03-05T16:07:00,-3.762,100.991,26,6.8,"Bengkulu, Indonesia"
2010-03-05T11:47:00,-36.665,-73.374,18,6.6,"Talcahuano, Chile"
2010-03-04T14:02:00,-13.571,167.227,176,6.5,"Sola, Vanuatu"
2010-02-27T08:01:00,-37.773,-75.048,35,7.4,"Lebu, Chile"
2010-02-27T06:34:00,-36.122,-72.898,22.9,8.8,"Quirihue, Chile"
2010-02-26T20:31:00,25.93,128.425,25,7,"Katsuren-haebaru, Japan"
2010-01-12T21:53:00,18.443,-72.571,13,7,"Léogâne, Haiti"
2010-01-10T00:27:00,40.652,-124.692,28.737,6.5,"Ferndale, California"
2010-01-05T12:15:00,-9.019,157.551,15.4,6.8,"Gizo, Solomon Islands"
2010-01-03T22:36:00,-8.783,157.354,10,7.1,"Gizo, Solomon Islands"
2010-01-03T21:48:00,-8.726,157.487,10,6.6,"Gizo, Solomon Islands"
2009-11-13T03:05:00,-19.394,-70.321,27,6.5,"Iquique, Chile"
2009-11-09T10:44:00,-17.239,178.331,595,7.3,"Ba, Fiji"
2009-11-08T19:41:00,-8.207,118.631,18,6.6,"Bima, Indonesia"
2009-10-30T07:03:00,29.218,129.782,34,6.8,"Naze, Japan"
2009-10-24T14:40:00,-6.133,130.385,130,6.9,"Tual, Indonesia"
2009-10-08T08:28:00,-13.298,165.91,35,6.8,"Sola, Vanuatu"
2009-10-07T23:13:00,-13.093,166.497,31.1,7.4,"Sola, Vanuatu"
2009-10-07T22:18:00,-12.517,166.382,35,7.8,"Sola, Vanuatu"
2009-10-07T22:03:00,-13.006,166.51,45,7.7,"Sola, Vanuatu"
2009-10-01T01:52:00,-2.482,101.524,9,6.6,"Sungai Penuh, Indonesia"
2009-09-30T10:16:00,-0.72,99.867,81,7.6,"Pariaman, Indonesia"
2009-09-29T17:48:00,-15.489,-172.095,18,8.1,"Matavai, Samoa"
2009-09-02T07:55:00,-7.782,107.297,46,7,"Banjar, Indonesia"
2009-08-16T07:38:00,-1.479,99.49,20,6.7,"Padang, Indonesia"
2009-08-12T22:48:00,32.821,140.395,53,6.6,"Tateyama, Japan"
2009-08-10T19:55:00,14.099,92.902,24,7.5,"Bamboo Flat, India"
2009-08-09T10:55:00,33.167,137.944,292,7.1,"?yama, Japan"
2009-08-03T17:59:00,29.039,-112.903,10,6.9,"Bahía de Kino, Mexico"
2009-07-15T09:22:00,-45.762,166.562,12,7.8,"Te Anau, New Zealand"
2009-06-23T14:19:00,-5.157,153.782,64,6.7,"Kokopo, Papua New Guinea"
2009-05-28T08:24:00,16.731,-86.217,19,7.3,"Guanaja, Honduras"
2009-03-19T18:17:00,-23.043,-174.66,31,7.6,"‘Ohonua, Tonga"
2009-02-11T17:34:00,3.886,126.387,20,7.2,"Sarangani, Philippines"
2009-01-03T22:33:00,-0.691,133.305,23,7.4,"Manokwari, Indonesia"
2009-01-03T20:23:00,36.419,70.743,204.8,6.6,"Jurm, Afghanistan"
2009-01-03T19:43:00,-0.414,132.885,17,7.7,"Manokwari, Indonesia"
2008-11-16T17:02:00,1.271,122.091,30,7.4,"Gorontalo, Indonesia"
2008-10-16T19:41:00,14.423,-92.364,24,6.7,"Brisas Barra de Suchiate, Mexico"
2008-10-05T15:52:00,39.533,73.824,27.4,6.7,"Nookat, Kyrgyzstan"
2008-09-11T00:20:00,41.892,143.754,25,6.8,"Obihiro, Japan"
2008-09-11T00:00:00,1.885,127.363,96,6.6,"Tobelo, Indonesia"
2008-09-08T18:52:00,-13.501,166.967,110,6.9,"Sola, Vanuatu"
2008-08-25T13:21:00,30.901,83.52,12,6.7,"Jumla, Nepal"
2008-07-23T15:26:00,39.802,141.464,108,6.8,"Morioka, Japan"
2008-07-19T02:39:00,37.552,142.214,22,7,"Namie, Japan"
2008-07-19T02:39:00,37.55,142.714,25.5,6.9,"Namie, Japan"
2008-06-27T11:40:00,11.005,91.824,17,6.6,"Bamboo Flat, India"
2008-06-13T23:43:00,39.03,140.881,7.8,6.9,"Mizusawa, Japan"
2008-05-12T06:28:00,31.002,103.322,19,7.9,"Tianpeng, China"
2008-05-07T16:45:00,36.164,141.526,27,6.9,"Hasaki, Japan"
2008-04-09T12:46:00,-20.071,168.892,33,7.3,"Isangel, Vanuatu"
2008-03-20T22:32:00,35.49,81.467,10,7.2,"Hotan, China"
2008-03-03T14:11:00,13.351,125.63,24,6.9,Philippine Islands region
2008-02-25T21:02:00,-2.245,99.808,25,6.7,"Padang, Indonesia"
2008-02-25T18:06:00,-2.332,99.891,25,6.6,"Padang, Indonesia"
2008-02-25T08:36:00,-2.486,99.972,25,7.2,"Sungai Penuh, Indonesia"
2008-02-24T14:46:00,-2.405,99.931,22,6.5,"Sungai Penuh, Indonesia"
2008-02-20T08:08:00,2.768,95.964,26,7.4,"Sinabang, Indonesia"
2008-02-14T12:08:00,36.345,21.863,28,6.5,"Koróni, Greece"
2008-02-14T10:09:00,36.501,21.67,29,6.9,"Methóni, Greece"
2008-02-12T12:50:00,16.357,-94.304,83,6.5,"General Pascual Fentes, Mexico"
2007-12-20T07:55:00,-39.011,178.291,20,6.6,"Gisborne, New Zealand"
2007-12-16T08:09:00,-22.954,-70.182,45,6.7,Ant
2007-11-29T19:00:00,14.944,-61.274,156,7.4,"Basse-Pointe, Martinique"
2007-11-27T11:49:00,-10.95,162.149,16,6.6,"Kirakira, Solomon Islands"
2007-11-25T19:53:00,-8.224,118.467,18,6.5,"Dompu, Indonesia"
2007-11-25T16:02:00,-8.292,118.37,20,6.5,"Dompu, Indonesia"
2007-11-22T08:48:00,-5.757,147.098,53,6.8,"Lae, Papua New Guinea"
2007-11-16T03:13:00,-2.312,-77.838,122.9,6.8,"Macas, Ecuador"
2007-11-15T15:05:00,-22.925,-70.237,26,6.8,Ant
2007-11-14T15:40:00,-22.247,-69.89,40,7.7,"Tocopilla, Chile"
2007-10-24T21:02:00,-3.899,101.02,21,6.8,"Bengkulu, Indonesia"
2007-10-15T12:29:00,-44.796,167.553,18,6.8,"Te Anau, New Zealand"
2007-09-26T12:36:00,-4.99,153.5,40,6.8,"Kokopo, Papua New Guinea"
2007-09-20T08:31:00,-1.999,100.141,30,6.7,"Padang, Indonesia"
2007-09-13T03:35:00,-2.13,99.627,22,7,"Padang, Indonesia"
2007-09-13T02:30:00,-1.689,99.668,28.9,6.5,"Kepulauan Mentawai region, Indonesia"
2007-09-12T23:49:00,-2.625,100.841,35,7.9,"Sungai Penuh, Indonesia"
2007-09-12T23:49:00,-2.52,100.139,40.5,7.8,"Sungai Penuh, Indonesia"
2007-09-12T11:10:00,-4.438,101.367,34,8.4,"Bengkulu, Indonesia"
2007-09-10T01:49:00,2.966,-77.963,15,6.8,"Timbiquí, Colombia"
2007-09-02T01:05:00,-11.61,165.762,35,7.2,"Lata, Solomon Islands"
2007-08-16T08:39:00,-9.834,159.465,15,6.5,"Malango, Solomon Islands"
2007-08-15T23:40:00,-13.386,-76.603,39,8,"San Vicente de Cañete, Peru"
2007-08-08T17:05:00,-5.859,107.419,280,7.5,"Rengasdengklok, Indonesia"
2007-08-01T17:08:00,-15.595,167.68,120,7.2,"Luganville, Vanuatu"
2007-07-26T05:40:00,2.872,127.464,25,6.9,"Tobelo, Indonesia"
2007-07-16T14:17:00,36.808,134.85,350.4,6.8,"Mikuni, Japan"
2007-07-16T01:13:00,37.535,138.446,12,6.6,"Kashiwazaki, Japan"
2007-06-13T19:29:00,13.554,-90.618,23,6.7,"Iztapa, Guatemala"
2007-04-01T21:11:00,-7.306,155.741,10,6.9,"Panguna, Papua New Guinea"
2007-04-01T20:47:00,-7.169,155.777,10,6.6,"Panguna, Papua New Guinea"
2007-04-01T20:39:00,-8.466,157.043,24,8.1,"Gizo, Solomon Islands"
2007-03-25T00:41:00,37.336,136.588,8,6.7,"Nanao, Japan"
2007-03-25T00:40:00,-20.617,169.357,34,7.1,"Isangel, Vanuatu"
2007-02-20T08:04:00,-1.034,126.976,12,6.7,S
2007-01-21T11:27:00,1.065,126.282,22,7.5,"Ternate, Indonesia"
2007-01-13T04:23:00,46.243,154.524,10,8.1,the Kuril Islands
2006-12-26T12:34:00,21.974,120.493,10,6.9,"Hengchun, Taiwan"
2006-12-26T12:26:00,21.799,120.547,10,7.1,"Hengchun, Taiwan"
2006-11-15T11:14:00,46.592,153.266,10,8.3,Kuril Islands
2006-11-07T17:38:00,-6.482,151.195,11,6.6,"Kimbe, Papua New Guinea"
2006-10-20T10:48:00,-13.457,-76.677,23,6.7,"San Vicente de Cañete, Peru"
2006-10-17T01:25:00,-5.881,150.982,32,6.7,"Kimbe, Papua New Guinea"
2006-10-15T17:07:00,19.877,-155.935,38.182,6.7,"Puako, Hawaii"
2006-09-28T06:22:00,-16.592,-172.033,28,6.9,"Hihifo, Tonga"
2006-09-01T10:18:00,-6.759,155.512,38,6.8,"Panguna, Papua New Guinea"
2006-08-24T21:50:00,51.148,157.522,43,6.5,"Ozernovskiy, Russia"
2006-08-07T22:18:00,-15.798,167.789,150,6.8,"Norsup, Vanuatu"
2006-07-17T08:19:00,-9.284,107.419,20,7.7,"Singaparna, Indonesia"
2006-05-28T03:12:00,-5.724,151.133,34,6.5,"Kimbe, Papua New Guinea"
2006-05-22T11:12:00,60.772,165.743,19,6.6,"Tilichiki, Russia"
2006-05-16T15:28:00,0.093,97.05,12,6.8,"Singkil, Indonesia"
2006-05-03T15:26:00,-20.187,-174.123,55,8,"Pangai, Tonga"
2006-05-03T15:26:00,-19.99,-173.907,60.5,8,"Pangai, Tonga"
2006-04-30T21:40:00,-27.211,-71.056,12,6.5,"Copiapó, Chile"
2006-04-30T19:17:00,-27.017,-71.022,12,6.7,"Copiapó, Chile"
2006-04-29T16:58:00,60.491,167.516,11,6.6,"Tilichiki, Russia"
2006-04-20T23:25:00,60.949,167.089,22,7.6,"Tilichiki, Russia"
2006-04-07T08:30:00,-16.527,176.989,14,6.5,"Lautoka, Fiji"
2006-03-14T06:57:00,-3.595,127.214,30.1,6.7,"Ambon, Indonesia"
2006-02-22T22:19:00,-21.324,33.583,11,7,"Chipinge, Zimbabwe"
2006-01-08T11:34:00,36.311,23.212,66,6.7,"Kýthira, Greece"
2006-01-04T08:32:00,28.164,-112.117,14,6.6,"Bahía de Kino, Mexico"
2005-12-12T21:47:00,36.357,71.093,224.6,6.5,"Ashk?sham, Afghanistan"
2005-12-05T12:19:00,-6.224,29.83,22,6.8,"Kalemie, Democratic Republic"
2005-12-02T13:13:00,38.089,142.122,29,6.5,"Ishinomaki, Japan"
2005-11-19T14:10:00,2.164,96.786,21,6.5,"Sinabang, Indonesia"
2005-11-17T19:26:00,-22.361,-67.895,147,6.8,"San Pedro de Atacama, Chile"
2005-10-08T03:50:00,34.539,73.588,26,7.6,"Muzaffar?b?d, Pakistan"
2005-09-29T15:50:00,-5.437,151.84,25,6.6,"Kokopo, Papua New Guinea"
2005-09-26T01:55:00,-5.678,-76.398,115,7.5,"Yurimaguas, Peru"
2005-09-09T07:26:00,-4.539,153.474,90,7.6,"Kokopo, Papua New Guinea"
2005-08-16T02:46:00,38.276,142.039,36,7.2,"Ishinomaki, Japan"
2005-07-24T15:42:00,7.92,92.19,16,7.2,"Nicobar Islands, India region"
2005-07-05T01:52:00,1.819,97.082,21,6.7,"Singkil, Indonesia"
2005-07-02T02:16:00,11.245,-86.172,27,6.6,"San Juan del Sur, Nicaragua"
2005-06-15T02:50:00,41.292,-125.953,16,7.2,"Big Lagoon, California"
2005-06-13T22:44:00,-19.987,-69.197,115.6,7.8,"Iquique, Chile"
2005-05-19T01:54:00,1.989,97.041,30,6.9,"Singkil, Indonesia"
2005-05-14T05:05:00,0.587,98.459,34,6.7,"Padangsidempuan, Indonesia"
2005-04-10T11:14:00,-1.714,99.779,30,6.5,"Padang, Indonesia"
2005-04-10T10:29:00,-1.644,99.607,19,6.7,"Padang, Indonesia"
2005-03-28T16:09:00,2.085,97.108,30,8.6,"Singkil, Indonesia"
2005-03-20T01:53:00,33.807,130.131,10,6.6,"Maebaru-ch??, Japan"
2005-03-02T10:42:00,-6.527,129.933,201.7,7.1,Banda Sea
2005-02-26T12:56:00,2.908,95.592,36,6.8,"Sinabang, Indonesia"
2005-02-19T00:04:00,-5.562,122.129,10,6.5,"Katabu, Indonesia"
2005-02-15T14:42:00,4.756,126.421,39.7,6.5,"Pulau-Pulau Talaud, Indonesia"
2005-02-08T14:48:00,-14.252,167.259,206.3,6.7,"Sola, Vanuatu"
2005-02-05T12:23:00,5.293,123.337,525,7.1,"Palimbang, Philippines"
2005-01-19T06:11:00,34.064,141.491,27.8,6.6,"Katsuura, Japan"
2004-12-26T09:20:00,8.879,92.375,16.1,6.6,"Nicobar Islands, India region"
2004-12-26T04:21:00,6.91,92.958,39.2,7.2,"Sabang, Indonesia"
2004-12-26T00:58:00,3.295,95.982,30,9.1,2004 Sumatra - Andaman Islands Earthquake
2004-12-23T14:59:00,-49.312,161.345,10,8.1,Macquarie Island
2004-12-14T23:20:00,18.958,-81.409,10,6.8,"George Town, Cayman Islands"
2004-12-06T14:15:00,42.9,145.228,35,6.8,"Nemuro, Japan"
2004-11-28T18:32:00,43.006,145.119,39,7,"Nemuro, Japan"
2004-11-26T02:25:00,-3.609,135.404,10,7.1,"Nabire, Indonesia"
2004-11-22T20:26:00,-46.676,164.721,10,7.1,"Riverton, New Zealand"
2004-11-15T09:06:00,4.695,-77.508,15,7.2,"Pizarro, Colombia"
2004-11-11T21:26:00,-8.152,124.868,10,7.5,"Maubara, Timor Leste"
2004-11-11T17:34:00,-11.128,162.208,10,6.7,"Kirakira, Solomon Islands"
2004-11-02T10:02:00,49.277,-128.772,10,6.7,"Port McNeill, Canada"
2004-10-23T08:56:00,37.226,138.779,16,6.6,"Ojiya, Japan"
2004-10-15T04:08:00,24.53,122.694,94,6.7,"Yonakuni, Japan"
2004-10-09T21:26:00,11.422,-86.665,35,7,"Masachapa, Nicaragua"
2004-10-08T14:36:00,13.925,120.534,105,6.5,"Talisay, Philippines"
2004-10-08T08:27:00,-10.951,162.161,36,6.8,"Kirakira, Solomon Islands"
2004-09-06T23:29:00,33.205,137.227,10,6.6,"Shing?, Japan"
2004-09-05T14:57:00,33.184,137.071,10,7.4,"Shing?, Japan"
2004-09-05T10:07:00,33.07,136.618,14,7.2,"Shing?, Japan"
2004-08-28T13:41:00,-35.173,-70.525,5,6.5,"Teno, Chile"
2004-07-28T03:56:00,-0.443,133.091,13.4,6.5,"Manokwari, Indonesia"
2004-06-10T15:19:00,55.682,160.003,188.6,6.9,"Atlasovo, Russia"
2004-05-03T04:36:00,-37.695,-73.406,21,6.6,"Cañete, Chile"
2004-04-23T01:50:00,-9.362,122.839,65.8,6.7,"Naisano Dua, Indonesia"
2004-04-09T15:23:00,-13.174,167.198,228.4,6.5,"Sola, Vanuatu"
2004-04-05T21:24:00,36.512,71.029,187.1,6.6,Afghanistan-Tajikistan-Pakistan region
2004-02-08T08:58:00,-3.665,135.339,25.7,6.7,"Nabire, Indonesia"
2004-02-07T02:42:00,-4.003,135.023,10,7.3,"Papua, Indonesia"
2004-02-05T21:05:00,-3.615,135.538,16.6,7,"Nabire, Indonesia"
2004-01-28T22:15:00,-3.12,127.4,17.4,6.7,"Ambon, Indonesia"
2003-12-27T16:00:00,-22.015,169.766,10,7.3,"Tadine, New Caledonia"
2003-12-26T01:56:00,28.995,58.311,10,6.6,"Bam, Iran"
2003-12-25T07:11:00,8.416,-82.824,33,6.5,"Progreso, Panama"
2003-12-22T19:15:00,35.7005,-121.101,8.382,6.5,"San Simeon, California"
2003-12-10T04:38:00,23.039,121.362,10,6.8,"Yujing, Taiwan"
2003-11-25T20:19:00,-5.581,150.88,35,6.6,"Kimbe, Papua New Guinea"
2003-11-18T17:14:00,12.025,125.416,35,6.5,"Can-Avid, Philippines"
2003-11-06T10:38:00,-19.262,168.892,113.7,6.6,"Isangel, Vanuatu"
2003-10-31T01:06:00,37.812,142.619,10,7,"Ishinomaki, Japan"
2003-10-08T09:06:00,42.648,144.57,32,6.7,"Kushiro, Japan"
2003-10-01T01:03:00,50.211,87.721,10,6.7,"Aktash, Russia"
2003-09-29T02:36:00,42.45,144.38,25,6.5,"Kushiro, Japan"
2003-09-27T11:33:00,50.038,87.813,16,7.3,"Aktash, Russia"
2003-09-25T21:08:00,41.774,143.593,33,7.4,"Shizunai-furukawach?, Japan"
2003-09-25T19:50:00,41.815,143.91,27,8.16,"Kushiro, Japan"
2003-09-21T18:16:00,19.917,95.672,10,6.6,"Taungdwingyi, Myanmar"
2003-08-21T12:12:00,-45.104,167.144,28,7.2,"Te Anau, New Zealand"
2003-08-04T04:37:00,-60.532,-43.411,10,7.6,Scotia Sea
2003-07-15T18:46:00,-3.828,152.174,33,6.5,"Rabaul, Papua New Guinea"
2003-06-20T13:30:00,-30.608,-71.637,33,6.8,"Ovalle, Chile"
2003-06-16T22:08:00,55.492,159.999,174.8,6.9,"Atlasovo, Russia"
2003-06-07T00:32:00,-5.095,152.502,33,6.6,"Kokopo, Papua New Guinea"
2003-05-26T19:23:00,2.354,128.855,31,7,"Tobelo, Indonesia"
2003-05-26T09:24:00,38.849,141.568,68,7,"?funato, Japan"
2003-05-21T18:44:00,36.964,3.634,12,6.8,"Dellys, Algeria"
2003-03-25T02:53:00,-8.294,120.743,33,6.5,"Ruteng, Indonesia"
2003-03-11T07:27:00,-4.694,153.238,40.2,6.8,"Kokopo, Papua New Guinea"
2003-01-22T02:06:00,18.77,-104.104,24,7.6,"Cuyutlán, Mexico"
2003-01-21T02:46:00,13.626,-90.774,24,6.5,"Puerto San José, Guatemala"
2003-01-20T08:43:00,-10.491,160.77,33,7.3,"Kirakira, Solomon Islands"
2003-01-10T13:11:00,-5.311,153.701,71.9,6.7,"Kokopo, Papua New Guinea"
2002-12-12T08:30:00,-4.786,153.275,34,6.7,"New Ireland region, Papua New Guinea"
2002-11-03T22:12:00,63.5141,-147.453,4.2,7.9,"Cantwell, Alaska"
2002-11-02T01:26:00,2.824,96.085,30,7.4,"Sinabang, Indonesia"
2002-10-23T11:27:00,63.5144,-147.912,4.2,6.6,"Cantwell, Alaska"
2002-10-10T12:28:00,-1.511,133.973,10,6.7,"Manokwari, Indonesia"
2002-10-10T10:50:00,-1.757,134.297,10,7.6,"Manokwari, Indonesia"
2002-09-13T22:28:00,13.036,93.068,21,6.5,"Bamboo Flat, India"
2002-09-08T18:44:00,-3.302,142.945,13,7.6,"Aitape, Papua New Guinea"
2002-08-14T13:57:00,14.101,146.199,30,6.5,"San Jose Village, Northern Mariana Islands"
2002-07-31T00:16:00,7.929,-82.793,10,6.5,"Punta de Burica, Panama"
2002-06-22T02:58:00,35.626,49.047,10,6.5,"Abhar, Iran"
2002-06-18T13:56:00,-30.805,-71.124,54,6.6,"Monte Patria, Chile"
2002-06-17T21:26:00,-12.592,166.383,33,6.7,"Sola, Vanuatu"
2002-04-26T16:06:00,13.088,144.619,85.7,7.1,"Merizo Village, Guam"
2002-04-18T16:08:00,-27.535,-70.586,62,6.7,"Copiapó, Chile"
2002-04-18T05:02:00,16.985,-100.865,24.9,6.8,"Nuxco, Mexico"
2002-03-31T06:52:00,24.279,122.179,32.8,7.1,"Hualien City, Taiwan"
2002-03-28T04:56:00,-21.663,-68.329,125.1,6.5,"Calama, Chile"
2002-03-05T21:16:00,6.033,124.249,31,7.5,"Mindanao, Philippines"
2002-03-03T12:08:00,36.502,70.482,225.6,7.4,"Jurm, Afghanistan"
2002-02-05T13:27:00,-5.345,151.248,39,6.6,"Kimbe, Papua New Guinea"
2002-02-03T07:11:00,38.573,31.271,5,6.5,"Sultanda??, Turkey"
2002-01-10T11:14:00,-3.212,142.427,11,6.7,"Aitape, Papua New Guinea"
2002-01-03T10:17:00,-17.664,168.004,10,6.6,"Port-Vila, Vanuatu"
2002-01-02T17:22:00,-17.6,167.856,21,7.2,"Port-Vila, Vanuatu"
2001-12-23T22:52:00,-9.613,159.53,16,6.8,"Malango, Solomon Islands"
2001-12-18T04:02:00,23.954,122.734,14,6.8,"Yonakuni, Japan"
2001-12-02T13:01:00,39.402,141.089,123.8,6.5,"Hanamaki, Japan"
2001-11-14T09:26:00,35.946,90.541,10,7.8,"Southern Qinghai, China"
2001-10-31T09:10:00,-5.912,150.196,33,7,"Kimbe, Papua New Guinea"
2001-10-19T03:28:00,-4.102,123.907,33,7.5,"Kendari, Indonesia"
2001-10-12T15:02:00,12.686,144.98,37,7,"Inarajan Village, Guam"
2001-09-11T14:56:00,-0.578,133.13,33,6.5,"Manokwari, Indonesia"
2001-07-28T07:32:00,58.775,-154.701,131.8,6.6,"Kokhanok, Alaska"
2001-07-26T00:21:00,39.059,24.244,10,6.5,"Skýros, Greece"
2001-07-07T09:38:00,-17.543,-72.077,33,7.6,"Punta de Bombón, Peru"
2001-07-05T13:53:00,-16.086,-73.987,62,6.6,"Achanizo, Peru"
2001-06-26T04:18:00,-17.745,-71.649,24,6.7,"Pacocha, Peru"
2001-06-23T20:33:00,-16.265,-73.641,33,8.4,"Atico, Peru"
2001-04-19T21:43:00,-7.41,155.865,17,6.7,"Panguna, Papua New Guinea"
2001-03-24T06:27:00,34.083,132.526,50,6.8,"Kure, Japan"
2001-03-19T05:52:00,-4.029,128.02,33,6.5,"Ambon, Indonesia"
2001-02-28T18:54:00,47.149,-122.727,51.798,6.8,"Longbranch, Washington"
2001-02-24T07:23:00,1.271,126.249,35,7.1,"Ternate, Indonesia"
2001-02-13T19:28:00,-4.68,102.562,36,7.4,"Bengkulu, Indonesia"
2001-02-13T14:22:00,13.671,-88.938,10,6.6,"Cojutepeque, El Salvador"
2001-01-26T03:16:00,23.419,70.232,16,7.7,"Bhach?u, India"
2001-01-16T13:25:00,-4.022,101.776,28,6.9,"Bengkulu, Indonesia"
2001-01-13T17:33:00,13.049,-88.66,60,7.7,"Puerto El Triunfo, El Salvador"
2001-01-10T16:02:00,56.7744,-153.281,36.4,6.9,"Old Harbor, Alaska"
2001-01-09T16:49:00,-14.928,167.17,103,7.1,"Port-Olry, Vanuatu"
2001-01-01T08:54:00,6.631,126.899,33,6.8,"Mindanao, Philippines"
2001-01-01T06:57:00,6.898,126.579,33,7.5,"Lukatan, Philippines"
2000-12-06T22:57:00,-4.218,152.725,31,6.5,"Kokopo, Papua New Guinea"
2000-12-06T17:11:00,39.566,54.799,30,7,"Balkanabat, Turkmenistan"
2000-11-25T18:10:00,40.167,49.954,33,6.5,"Badamdar, Azerbaijan"
2000-11-25T18:09:00,40.245,49.946,50.4,6.8,"Baku, Azerbaijan"
2000-11-18T06:54:00,-5.228,151.771,33,6.8,"Kokopo, Papua New Guinea"
2000-11-18T02:05:00,-5.097,153.181,33,6.6,"Kokopo, Papua New Guinea"
2000-11-17T21:01:00,-5.496,151.781,33,7.8,"Kokopo, Papua New Guinea"
2000-11-16T07:45:00,-4.827,153.226,33,6.5,"Kokopo, Papua New Guinea"
2000-11-16T07:42:00,-5.233,153.102,30,7.8,"Kokopo, Papua New Guinea"
2000-11-16T04:54:00,-3.98,152.169,33,8,"Rabaul, Papua New Guinea"
2000-11-08T06:59:00,7.042,-77.829,17,6.5,"Juradó, Colombia"
2000-10-29T08:37:00,-4.766,153.945,50,7,"Kokopo, Papua New Guinea"
2000-10-25T09:32:00,-6.549,105.63,38,6.8,"Labuan, Indonesia"
2000-10-06T04:30:00,35.456,133.134,10,6.7,"Matsue, Japan"
2000-10-04T16:58:00,-15.421,166.91,23,7,"Luganville, Vanuatu"
2000-10-02T02:25:00,-7.977,30.709,34,6.5,"Nkove, Tanzania"
2000-08-28T15:05:00,-4.11,127.394,16,6.8,"Ambon, Indonesia"
2000-08-09T11:41:00,18.198,-102.48,45.8,6.5,"El Habillal, Mexico"
2000-08-04T21:13:00,48.786,142.246,10,6.8,"Uglegorsk, Russia"
2000-08-03T01:09:00,-12.037,166.448,33,6.6,"Lata, Solomon Islands"
2000-07-30T12:25:00,33.901,139.376,10,6.5,"Shimoda, Japan"
2000-07-16T03:57:00,-7.747,150.917,10,6.6,"Kandrian, Papua New Guinea"
2000-07-11T01:32:00,57.3546,-154.198,42.9,6.5,"Larsen Bay, Alaska"
2000-06-21T00:51:00,63.98,-20.758,10,6.5,"Selfoss, Iceland"
2000-06-18T14:44:00,-13.802,97.453,10,7.9,South Indian Ocean
2000-06-17T15:40:00,63.966,-20.487,10,6.5,"Selfoss, Iceland"
2000-06-07T23:45:00,-4.612,101.905,33,6.7,"Bengkulu, Indonesia"
2000-06-04T16:39:00,-4.646,102.102,33,6.7,"Bengkulu, Indonesia"
2000-06-04T16:28:00,-4.721,102.087,33,7.9,"Bengkulu, Indonesia"
2000-05-12T18:43:00,-23.548,-66.452,225,7.2,"San Antonio de los Cobres, Argentina"
2000-05-04T04:21:00,-1.105,123.573,26,7.6,"Luwuk, Indonesia"
2000-03-03T22:22:00,-6.817,143.807,10,6.6,"Ialibu, Papua New Guinea"
2000-02-06T11:33:00,-5.844,150.876,33,6.6,"Kimbe, Papua New Guinea"
2000-01-28T14:21:00,43.046,146.837,61.1,6.8,"Shikotan, Russia"
2000-01-08T16:47:00,-16.925,-174.248,183.4,7.2,"Hihifo, Tonga"
1999-12-29T13:29:00,-10.86,165.354,33,6.9,"Lata, Solomon Islands"
1999-12-21T14:14:00,-6.845,105.555,56,6.5,"Labuan, Indonesia"
1999-12-11T18:03:00,15.766,119.74,33,7.3,"Bolitoc, Philippines"
1999-12-06T23:12:00,57.3424,-154.347,43.6,7,"Karluk, Alaska"
1999-11-30T04:01:00,-18.901,-69.171,128.1,6.6,"Arica, Chile"
1999-11-26T13:21:00,-16.423,168.214,33,7.5,"Lakatoro, Vanuatu"
1999-11-19T13:56:00,-6.351,148.763,33,7,"Kandrian, Papua New Guinea"
1999-11-17T03:27:00,-5.978,148.82,47.5,6.9,"Kandrian, Papua New Guinea"
1999-11-12T16:57:00,40.758,31.161,10,7.2,"Düzce, Turkey"
1999-11-08T16:45:00,36.522,71.24,228.4,6.5,"Ashk?sham, Afghanistan"
1999-10-16T09:46:00,34.6033,-116.265,13.73,7.1,"Hector Mine, CA Earthquake"
1999-09-30T16:31:00,16.059,-96.931,60.6,7.5,"San Baltazar Loxicha, Mexico"
1999-09-25T23:52:00,23.738,121.158,17,6.5,"Puli, Taiwan"
1999-09-20T17:47:00,23.772,120.982,33,7.7,"Puli, Taiwan"
1999-08-22T12:40:00,-16.117,168.039,33,6.6,"Lakatoro, Vanuatu"
1999-08-20T10:02:00,9.044,-84.159,20,6.9,"Quepos, Costa Rica"
1999-08-17T00:01:00,40.748,29.864,17,7.6,"Derince, Turkey"
1999-07-11T14:14:00,15.782,-88.33,10,6.7,"Potrerillos, Honduras"
1999-06-15T20:42:00,18.386,-97.436,70,7,"Texcala, Mexico"
1999-05-17T10:07:00,-5.165,152.877,27,6.6,"Kokopo, Papua New Guinea"
1999-05-16T00:51:00,-4.751,152.486,73.7,7.1,"Kokopo, Papua New Guinea"
1999-05-10T20:33:00,-5.159,150.88,138,7.1,"Kimbe, Papua New Guinea"
1999-04-13T10:38:00,-21.422,-176.46,164.2,6.8,"Haveluloto, Tonga"
1999-04-05T11:08:00,-5.591,149.568,150,7.4,"Kimbe, Papua New Guinea"
1999-04-03T06:17:00,-16.66,-72.662,87.2,6.8,"Camaná, Peru"
1999-03-28T19:05:00,30.512,79.403,15,6.6,"P?palkoti, India"
1999-03-20T10:47:00,51.587,-177.668,33,6.9,"Adak, Alaska"
1999-03-08T12:25:00,52.056,159.52,56.6,6.9,"Vilyuchinsk, Russia"
1999-03-04T08:52:00,5.397,121.937,33,7.1,"Tabiauan, Philippines"
1999-03-04T05:38:00,28.343,57.193,33,6.6,"K?h Sef?d, Iran"
1999-02-06T21:47:00,-12.853,166.697,90.1,7.3,"Sola, Vanuatu"
1999-01-28T08:10:00,52.886,-169.123,67.2,6.6,"Nikolski, Alaska"
1999-01-19T03:35:00,-4.596,153.235,114.1,7,"Kokopo, Papua New Guinea"
1998-12-27T00:38:00,-21.632,-176.376,144.3,6.8,"Haveluloto, Tonga"
1998-11-29T14:10:00,-2.071,124.891,33,7.7,"Luwuk, Indonesia"
1998-11-09T05:38:00,-6.92,128.946,33,7,"Lospalos, Timor Leste"
1998-11-09T05:30:00,-6.954,129.022,33,6.7,"Lospalos, Timor Leste"
1998-09-28T13:34:00,-8.194,112.413,151.6,6.6,"Sumberpucung, Indonesia"
1998-09-03T17:37:00,-29.45,-71.715,27,6.6,"Coquimbo, Chile"
1998-09-02T08:37:00,5.41,126.764,50,6.8,"Pondaguitan, Philippines"
1998-08-04T18:59:00,-0.593,-80.393,33,7.2,"Bahía de Caráquez, Ecuador"
1998-07-29T18:00:00,-2.693,138.901,33,6.7,"Abepura, Indonesia"
1998-07-17T08:49:00,-2.961,141.926,10,7,"Aitape, Papua New Guinea"
1998-07-16T11:56:00,-11.04,166.16,110.2,7,"Lata, Solomon Islands"
1998-05-30T06:22:00,37.106,70.11,33,6.6,"Rust?q, Afghanistan"
1998-05-22T04:48:00,-17.731,-65.431,24,6.6,"Mizque, Bolivia"
1998-05-21T05:34:00,0.207,119.584,33,6.7,"Palu, Indonesia"
1998-05-13T23:02:00,-5.147,151.714,61.4,6.6,"Kokopo, Papua New Guinea"
1998-05-03T23:30:00,22.306,125.308,33,7.5,"Ishigaki, Japan"
1998-04-03T22:01:00,-8.148,-74.238,164.6,6.6,"San Fernando, Peru"
1998-04-01T17:56:00,-0.544,99.261,55.7,7,"Pariaman, Indonesia"
1998-03-14T19:40:00,30.154,57.605,9,6.6,"Kerman, Iran"
1998-01-30T12:16:00,-23.913,-70.207,42,7.1,Ant
1998-01-12T16:36:00,-15.848,-179.376,23.4,6.7,"Labasa, Fiji"
1998-01-12T10:14:00,-30.985,-71.41,34.8,6.6,"Ovalle, Chile"
1998-01-10T08:20:00,14.374,-91.473,33,6.6,"San José El Ídolo, Guatemala"
1997-12-22T02:05:00,-5.495,147.867,179.3,7.2,"Finschhafen, Papua New Guinea"
1997-12-05T11:26:00,54.841,162.035,33,7.8,"Ust’-Kamchatsk Staryy, Russia"
1997-11-25T12:14:00,1.241,122.536,24,7,"Gorontalo, Indonesia"
1997-11-18T13:07:00,37.57,20.656,33,6.6,"Lithakiá, Greece"
1997-11-15T18:59:00,-15.145,167.375,123.1,7,"Port-Olry, Vanuatu"
1997-11-09T22:56:00,13.849,-88.808,176.4,6.5,"San Sebastián, El Salvador"
1997-11-08T10:02:00,35.069,87.325,33,7.5,western Xizang
1997-10-28T06:15:00,-4.368,-76.681,112,7.2,"Barranca, Peru"
1997-10-15T01:03:00,-30.933,-71.22,58,7.1,"Monte Patria, Chile"
1997-10-14T09:53:00,-22.101,-176.772,167.3,7.8,"Haveluloto, Tonga"
1997-10-06T12:30:00,9.79,125.779,105.6,6.5,"Talisay, Philippines"
1997-09-02T12:13:00,3.849,-75.749,198.7,6.8,"Roncesvalles, Colombia"
1997-08-29T08:14:00,-3.562,144.362,22.8,6.6,"Angoram, Papua New Guinea"
1997-07-19T14:22:00,16.333,-98.216,33,6.9,"El Ciruelo, Mexico"
1997-07-09T19:24:00,10.598,-63.486,19.9,7,"Carúpano, Venezuela"
1997-07-06T09:54:00,-30.058,-71.872,19,6.8,"Coquimbo, Chile"
1997-05-22T07:50:00,18.684,-101.604,70,6.5,"Churumuco de Morelos, Mexico"
1997-05-21T14:10:00,-20.438,169.287,57,6.8,"Isangel, Vanuatu"
1997-05-13T14:13:00,36.411,70.945,196,6.5,"Jurm, Afghanistan"
1997-05-10T07:57:00,33.825,59.809,10,7.3,"Q?’en, Iran"
1997-04-23T19:44:00,13.986,144.901,100.8,6.5,"Yigo Village, Guam"
1997-04-22T09:31:00,11.112,-60.892,5,6.7,"Scarborough, Trinidad and Tobago"
1997-04-21T12:02:00,-12.584,166.676,33,7.7,"Sola, Vanuatu"
1997-04-05T12:23:00,-6.485,147.408,69.1,6.5,"Finschhafen, Papua New Guinea"
1997-03-11T19:22:00,7.742,127.647,10,6.9,"Kinablangan, Philippines"
1997-02-27T21:08:00,29.976,68.208,33,7.1,"Harnai, Pakistan"
1997-02-04T10:37:00,37.661,57.291,10,6.5,Turkmenistan-Iran border region
1997-01-11T20:28:00,18.219,-102.756,33,7.2,"El Habillal, Mexico"
1996-12-22T14:53:00,43.207,138.92,226.5,6.5,"Iwanai, Japan"
1996-12-02T22:17:00,31.789,131.314,49.2,6.7,"Miyazaki, Japan"
1996-11-19T10:44:00,35.345,78.133,33,6.9,"Thang, India"
1996-11-12T16:59:00,-14.993,-75.675,33,7.7,"Changuillo, Peru"
1996-10-19T14:44:00,31.885,131.468,22,6.7,"Miyazaki, Japan"
1996-10-18T10:50:00,30.568,131.093,10,6.6,"Nishinoomote, Japan"
1996-10-14T23:26:00,-7.133,155.568,24,6.8,"Panguna, Papua New Guinea"
1996-10-09T13:10:00,34.556,32.126,33,6.8,"Paphos, Cyprus"
1996-09-20T04:11:00,9.454,126.334,33,6.6,"Cortes, Philippines"
1996-09-20T04:10:00,9.463,126.284,33,6.6,"Cortes, Philippines"
1996-09-05T23:42:00,21.898,121.498,20,6.8,"Hengchun, Taiwan"
1996-08-02T12:55:00,-10.769,161.445,33,6.9,"Kirakira, Solomon Islands"
1996-07-22T14:19:00,1,120.45,33,7,"Palu, Indonesia"
1996-07-16T10:07:00,1.016,120.254,33,6.6,"Palu, Indonesia"
1996-07-15T21:23:00,17.6,-100.965,18.3,6.8,"Coyuquilla Norte, Mexico"
1996-06-17T11:22:00,-7.137,122.589,587.3,7.9,"Maumere, Indonesia"
1996-06-11T18:22:00,12.614,125.154,33,7.1,"Palapag, Philippines"
1996-06-10T15:24:00,51.478,-176.847,26.3,7.3,"Adak, Alaska"
1996-06-10T04:03:00,51.564,-177.632,33,7.9,"Adak, Alaska"
1996-06-10T01:04:00,-13.481,167.13,200.1,6.7,"Sola, Vanuatu"
1996-04-29T14:40:00,-6.518,154.999,44,7.2,"Panguna, Papua New Guinea"
1996-04-19T00:19:00,-23.944,-70.093,49.5,6.6,Ant
1996-03-17T14:48:00,-14.705,167.297,164.4,6.7,"Port-Olry, Vanuatu"
1996-03-03T16:37:00,11.905,-86.772,33,6.7,"Villa El Carmen, Nicaragua"
1996-03-03T14:55:00,11.657,-86.856,33,6.6,"Masachapa, Nicaragua"
1996-02-25T03:08:00,15.978,-98.07,21.1,7.1,"Santa María Chico Ometepec, Mexico"
1996-02-21T12:51:00,-9.593,-79.587,10,7.5,"Puerto Santa, Peru"
1996-02-17T20:18:00,-0.917,136.225,31.9,6.5,"Biak, Indonesia"
1996-02-17T14:21:00,-0.567,135.84,19.2,6.5,"Insrom, Indonesia"
1996-02-17T05:59:00,-0.891,136.952,33,8.09,"Biak, Indonesia"
1996-02-16T15:22:00,37.353,142.38,40.8,6.7,"Namie, Japan"
1996-02-07T21:36:00,45.324,149.892,42.6,7.2,"Kuril’sk, Russia"
1996-02-03T11:14:00,27.291,100.276,11.1,6.6,"Lijiang, China"
1996-01-01T09:57:00,53.826,159.586,33,6.6,"Yelizovo, Russia"
1996-01-01T08:05:00,0.729,119.931,24,7.9,"Palu, Indonesia"
1995-12-25T04:43:00,-6.903,129.151,141.9,7.1,"Lospalos, Timor Leste"
1995-12-19T23:28:00,-3.703,140.233,63.4,6.5,"Abepura, Indonesia"
1995-12-03T18:01:00,44.663,149.3,33,7.9,"Kuril’sk, Russia"
1995-11-22T04:15:00,28.826,34.799,10,7.2,"Nuwaybi‘a, Egypt"
1995-11-01T00:35:00,-28.906,-71.417,19.9,6.7,"Vallenar, Chile"
1995-10-21T02:38:00,16.84,-93.469,159.3,7.2,"Ocozocoautla de Espinosa, Mexico"
1995-10-19T02:41:00,28.094,130.148,19.7,6.8,"Naze, Japan"
1995-10-18T10:37:00,27.929,130.175,28.4,7.1,"Naze, Japan"
1995-10-09T15:35:00,19.055,-104.205,33,8,"El Colomo, Mexico"
1995-10-06T18:09:00,-2.045,101.436,33,6.8,"Sungai Penuh, Indonesia"
1995-10-03T12:44:00,-2.778,-77.851,16.7,6.5,"Sucúa, Ecuador"
1995-10-03T01:51:00,-2.75,-77.881,24.4,7,"Sucúa, Ecuador"
1995-09-23T22:31:00,-10.68,-78.581,59.9,6.5,"Paramonga, Peru"
1995-09-14T14:04:00,16.779,-98.597,23,7.4,"Azoyú, Mexico"
1995-08-28T10:46:00,26.092,-110.284,12.2,6.6,"Etchoropo, Mexico"
1995-08-19T21:43:00,5.139,-75.577,119.6,6.6,"Neira, Colombia"
1995-08-16T23:10:00,-5.771,154.347,33,7.2,"Panguna, Papua New Guinea"
1995-08-16T16:24:00,-5.429,153.773,18.7,6.6,"Kokopo, Papua New Guinea"
1995-08-16T10:27:00,-5.799,154.178,30.1,7.7,"Panguna, Papua New Guinea"
1995-08-14T04:37:00,-4.836,151.515,127.9,6.7,"Kokopo, Papua New Guinea"
1995-07-30T05:11:00,-23.34,-70.294,45.6,8,Ant
1995-07-11T21:46:00,21.966,99.196,12.5,6.8,"Jinghong, China"
1995-06-29T12:24:00,-19.544,169.287,139.4,6.6,"Isangel, Vanuatu"
1995-06-15T00:15:00,38.401,22.283,14.2,6.5,"Galaxídhion, Greece"
1995-05-27T13:03:00,52.629,142.827,11,7.1,"Tungor, Russia"
1995-05-16T20:12:00,-23.008,169.9,20.2,7.7,"Vao, New Caledonia"
1995-05-14T11:33:00,-8.378,125.127,11.2,6.9,"Maubara, Timor Leste"
1995-05-13T08:47:00,40.149,21.695,14,6.6,"Aianí, Greece"
1995-05-05T03:53:00,12.626,125.297,16,7.1,"Cabatuan, Philippines"
