date,latitude,longitude,depth_km,magnitude,location
2024-12-26T09:32:30,39.2367,29.3637,0.0,1.7,KARBASAN-HISARCIK (KUTAHYA) İlksel
2024-12-26T09:27:46,38.7047,37.4968,5.3,2.0,KAVAKKOY-DARENDE (MALATYA) İlksel
2024-12-26T09:18:21,38.8945,37.4025,6.0,1.8,DAYAKPINAR-GURUN (SIVAS) İlksel
2024-12-26T09:01:06,35.818,31.527,11.7,2.0,AKDENIZ İlksel
2024-12-26T08:54:10,37.1632,28.7407,9.2,1.4,TURGUT-ULA (MUGLA) İlksel
2024-12-26T08:25:39,37.6692,36.095,5.9,1.6,ESENLI-SUMBAS (OSMANIYE) İlksel
2024-12-26T08:00:32,38.8793,31.4717,8.4,2.7,GELINCIK-EMIRDAG (AFYONKARAHISAR) İlksel
2024-12-26T07:40:09,38.3803,38.9347,5.4,2.3,GELINDERE-SIVRICE (ELAZIG) İlksel
2024-12-26T07:35:42,37.9872,27.1968,4.9,2.1,KUSADASI KORFEZI (EGE DENIZI) İlksel
2024-12-26T07:26:47,37.4827,36.567,5.5,2.4,KISIKLI-(KAHRAMANMARAS) İlksel
2024-12-26T06:07:12,38.077,36.6103,5.3,1.3,YAGMURLU-GOKSUN (KAHRAMANMARAS) İlksel
2024-12-26T06:03:10,38.1052,36.3635,24.4,1.2,SOGUKPINAR-GOKSUN (KAHRAMANMARAS) İlksel
2024-12-26T05:47:58,38.561,40.1853,21.3,1.5,ERBAGI-ARICAK (ELAZIG) İlksel
2024-12-26T05:43:06,38.3552,38.7892,5.3,1.5,CANAKCI-KALE (MALATYA) İlksel
2024-12-26T04:54:04,37.14,28.8257,5.0,1.0,KARACAOREN-(MUGLA) İlksel
2024-12-26T04:09:42,34.9668,30.8005,18.0,3.0,AKDENIZ İlksel
2024-12-26T04:04:28,37.156,28.8093,12.6,2.0,KARACAOREN-(MUGLA) İlksel
2024-12-26T04:00:50,37.866,38.5975,5.6,1.5,BAGOZU-KAHTA (ADIYAMAN) İlksel
2024-12-26T03:59:22,38.6705,43.2717,4.5,1.3,ALAKOY-(VAN) İlksel
2024-12-26T03:49:32,38.2982,34.8117,5.0,1.5,ORHANLI-(NIGDE) İlksel
2024-12-26T03:18:14,38.193,38.4677,15.1,1.5,GULUMUSAGI-(MALATYA) İlksel
2024-12-26T02:49:19,37.8687,29.2723,8.0,2.0,GURLEYIK-HONAZ (DENIZLI) İlksel
2024-12-26T02:37:12,38.5368,26.8093,5.4,2.1,IZMIR KORFEZI (EGE DENIZI) İlksel
2024-12-26T02:35:28,37.8657,29.2778,5.8,1.9,GURLEYIK-HONAZ (DENIZLI) İlksel
2024-12-26T02:28:51,38.133,36.6117,7.7,1.8,KANLIKAVAK-GOKSUN (KAHRAMANMARAS) İlksel
2024-12-26T01:58:15,39.979,29.2637,3.5,1.8,PINARCIK-KELES (BURSA) İlksel
2024-12-26T01:07:44,38.2305,38.5767,5.0,2.0,SOGUTLU-PUTURGE (MALATYA) İlksel
2024-12-26T00:41:22,37.1873,28.8157,10.0,1.7,KARACAOREN-(MUGLA) REVIZE01 (2024.12.26 00:41:22)
2024-12-26T00:36:05,37.0857,28.8225,17.1,1.9,YAYLA-KOYCEGIZ (MUGLA) İlksel
2024-12-25T21:36:05,38.154,37.8612,1.4,2.9,POLAT-DOGANSEHIR (MALATYA) İlksel
2024-12-25T19:53:49,39.6853,37.366,11.6,1.6,AKPINAR-(SIVAS) İlksel
2024-12-25T19:45:47,38.9912,39.0442,7.9,1.6,DOGAN-CEMISGEZEK (TUNCELI) İlksel
2024-12-25T18:47:41,39.3765,26.1475,7.6,2.9,MIDILLI ADASI (EGE DENIZI) İlksel
2024-12-25T18:37:05,37.0892,28.8402,14.0,1.6,OTMANLAR-KOYCEGIZ (MUGLA) İlksel
2024-12-25T18:14:30,39.3685,26.0963,1.7,1.4,BADEMLI ACIKLARI-CANAKKALE (EGE DENIZI) İlksel
2024-12-25T18:10:25,38.3267,37.7413,11.0,1.5,KEPEZ-AKCADAG (MALATYA) İlksel
2024-12-25T17:43:45,37.1495,28.8397,15.4,1.5,KARACAOREN-(MUGLA) İlksel
2024-12-25T16:28:40,36.0217,27.5993,10.2,2.3,AKDENIZ İlksel
2024-12-25T15:13:10,41.4767,34.4033,8.2,2.3,HACIALI-TASKOPRU (KASTAMONU) İlksel
2024-12-25T15:00:35,37.1852,28.8078,4.9,1.8,KARACAOREN-(MUGLA) İlksel
2024-12-25T14:58:56,37.154,28.799,24.5,1.7,KARACAOREN-(MUGLA) İlksel
2024-12-25T14:57:07,37.9668,27.1882,5.4,2.4,KUSADASI KORFEZI (EGE DENIZI) İlksel
2024-12-25T14:55:09,37.7657,36.233,7.1,2.0,HALILBEYLI-SAIMBEYLI (ADANA) İlksel
2024-12-25T14:31:54,36.1585,35.4325,6.7,1.6,ISKENDERUN KORFEZI (AKDENIZ) İlksel
2024-12-25T14:29:43,37.1263,28.8228,11.1,1.9,KARACAOREN-(MUGLA) İlksel
2024-12-25T14:27:48,37.1412,28.8303,14.4,1.8,KARACAOREN-(MUGLA) İlksel
2024-12-25T13:52:38,37.1967,28.8187,9.7,2.3,KARACAOREN-(MUGLA) İlksel
2024-12-25T13:36:51,37.1397,28.8473,13.5,2.1,BEYAGAC (DENIZLI) İlksel
2024-12-25T13:17:19,39.3277,29.2952,0.0,1.5,BAHATLAR-EMET (KUTAHYA) İlksel
2024-12-25T12:57:43,37.0685,28.8412,13.4,1.7,OTMANLAR-KOYCEGIZ (MUGLA) İlksel
2024-12-25T12:13:22,38.595,39.1197,19.4,1.0,YUKARIDEMIRTAS-(ELAZIG) İlksel
2024-12-25T11:54:13,36.8477,36.615,9.0,1.7,CINARBASI-HASSA (HATAY) İlksel
2024-12-25T11:43:47,38.1988,38.484,5.3,1.6,GULUMUSAGI-(MALATYA) İlksel
2024-12-25T11:17:09,37.1575,28.7893,11.7,2.4,KARACAOREN-(MUGLA) İlksel
2024-12-25T10:44:00,37.938,36.318,5.0,2.6,HACIKODAL-GOKSUN (KAHRAMANMARAS) İlksel
2024-12-25T09:53:45,37.1648,28.8653,13.5,2.0,BEYAGAC (DENIZLI) İlksel
2024-12-25T09:23:17,38.2918,38.8343,5.0,2.9,BOLUKKAYA-PUTURGE (MALATYA) İlksel
2024-12-25T09:07:22,38.581,39.46,8.8,1.8,KOCKALE-(ELAZIG) İlksel
2024-12-25T09:06:54,40.7787,27.7758,11.1,2.5,MARMARA DENIZI İlksel
2024-12-25T08:41:49,38.1768,38.4825,4.2,1.5,ULUKOY-(MALATYA) İlksel
2024-12-25T08:27:04,36.6597,36.36,5.5,2.3,KALEDIBI-ISKENDERUN (HATAY) İlksel
2024-12-25T08:08:23,37.144,28.8042,11.3,1.8,KARACAOREN-(MUGLA) İlksel
2024-12-25T07:45:55,38.2538,38.4485,5.0,2.4,BEYDAGI-(MALATYA) İlksel
2024-12-25T07:42:53,38.2492,38.4555,2.5,1.9,BEYDAGI-(MALATYA) İlksel
2024-12-25T07:25:52,37.1663,36.8087,5.0,2.6,KOMURLER-NURDAGI (GAZIANTEP) İlksel
2024-12-25T07:25:06,37.1695,36.7293,3.8,2.7,NURDAGI (GAZIANTEP) İlksel
2024-12-25T06:55:53,37.2233,36.7748,5.4,1.8,BELPINAR-NURDAGI (GAZIANTEP) İlksel
2024-12-25T06:39:13,39.36,26.1313,7.5,1.7,MIDILLI ADASI (EGE DENIZI) İlksel
2024-12-25T06:23:24,37.8753,29.2948,5.0,1.9,KARAPINAR-CAL (DENIZLI) İlksel
2024-12-25T05:57:26,40.2013,28.999,5.1,1.7,NILUFER (BURSA) İlksel
2024-12-25T05:39:05,37.8453,29.3128,12.5,1.9,KOCABAS-HONAZ (DENIZLI) İlksel
2024-12-25T05:07:50,39.408,38.4945,5.0,2.1,COPLER-ILIC (ERZINCAN) İlksel
2024-12-25T05:03:53,37.1668,37.0153,5.8,1.5,ATALAR-SEHITKAMIL (GAZIANTEP) İlksel
2024-12-25T04:59:16,37.8797,29.2783,6.2,1.9,GURLEYIK-HONAZ (DENIZLI) İlksel
2024-12-25T04:29:39,37.2385,28.8062,5.2,1.5,KARACAOREN-(MUGLA) İlksel
2024-12-25T04:11:07,38.0348,30.0732,6.0,2.3,AKTOPRAK-DINAR (AFYONKARAHISAR) İlksel
2024-12-25T04:09:12,35.2205,25.335,6.4,2.4,GIRIT ADASI (AKDENIZ) İlksel
2024-12-25T04:06:13,37.8868,29.2682,5.9,3.0,IRLIGANLI-(DENIZLI) İlksel
2024-12-25T03:53:43,40.844,28.021,7.3,1.1,MARMARA DENIZI İlksel
2024-12-25T03:36:46,37.2077,36.9617,15.7,1.0,SATIRHUYUK-NURDAGI (GAZIANTEP) İlksel
2024-12-25T03:34:39,37.9492,28.8843,13.6,1.5,KARATAS-SARAYKOY (DENIZLI) İlksel
2024-12-25T03:20:32,37.1808,28.8215,9.3,1.6,KARACAOREN-(MUGLA) İlksel
2024-12-25T03:07:54,37.8777,29.2722,7.4,3.1,GURLEYIK-HONAZ (DENIZLI) İlksel
2024-12-25T02:49:38,38.2327,38.4723,4.6,3.3,GULUMUSAGI-(MALATYA) İlksel
2024-12-25T02:49:13,36.944,28.2353,5.4,1.2,KARACA-MARMARIS (MUGLA) İlksel
2024-12-25T02:11:40,40.45,29.2077,7.7,2.3,CIHATLI-GEMLIK (BURSA) İlksel
2024-12-25T02:00:41,40.3827,24.0703,5.1,2.4,YUNANISTAN İlksel
2024-12-25T01:59:50,40.3867,33.4182,4.6,1.8,HANCILI-KALECIK (ANKARA) İlksel
2024-12-25T01:57:22,40.387,33.4188,5.0,3.2,HANCILI-KALECIK (ANKARA) İlksel
2024-12-25T01:10:07,38.1658,38.5978,5.0,2.1,TEKEDERESI-PUTURGE (MALATYA) İlksel
2024-12-25T01:04:24,37.9787,27.1402,5.3,1.7,KUSADASI KORFEZI (EGE DENIZI) İlksel
2024-12-25T00:52:25,34.7795,31.9975,9.8,2.3,AKDENIZ İlksel
2024-12-25T00:18:53,37.4195,37.0005,6.8,1.4,SIVRICEHUYUK-(KAHRAMANMARAS) İlksel
2024-12-25T00:15:38,37.16,28.8063,8.0,2.2,KARACAOREN-(MUGLA) İlksel
2024-12-25T00:01:00,37.1518,28.8395,11.1,1.8,KARACAOREN-(MUGLA) İlksel
2024-12-24T23:57:26,37.1318,28.8277,7.7,2.3,KARACAOREN-(MUGLA) İlksel
2024-12-24T23:15:37,38.3077,38.8153,4.2,2.0,BOLUKKAYA-PUTURGE (MALATYA) İlksel
2024-12-24T22:28:33,37.4825,37.1548,4.5,2.1,DOGANLIKARAHASAN-PAZARCIK (KAHRAMANMARAS) İlksel
2024-12-24T22:20:11,38.0975,37.139,8.0,1.6,ORTAOREN-EKINOZU (KAHRAMANMARAS) İlksel
2024-12-24T22:18:58,38.0717,37.4225,10.4,1.8,AGCASAR-NURHAK (KAHRAMANMARAS) İlksel
2024-12-24T22:13:10,38.0782,37.4778,2.3,1.7,SUNNETKOY-ELBISTAN (KAHRAMANMARAS) İlksel
2024-12-24T22:10:34,38.2167,31.0308,4.8,1.9,CALTI-GELENDOST (ISPARTA) İlksel
2024-12-24T22:08:48,37.1468,28.8242,8.5,2.8,KARACAOREN-(MUGLA) İlksel
2024-12-24T21:56:32,37.152,28.8287,15.0,1.8,KARACAOREN-(MUGLA) İlksel
2024-12-24T21:50:49,37.1353,28.8142,9.0,2.1,KARACAOREN-(MUGLA) İlksel
2024-12-24T21:32:48,37.9457,38.0707,5.4,1.8,UZUNKOY-(ADIYAMAN) İlksel
2024-12-24T21:32:21,37.1967,28.7958,7.5,2.0,KARACAOREN-(MUGLA) İlksel
2024-12-24T21:26:56,37.1508,28.8295,7.7,3.4,KARACAOREN-(MUGLA) İlksel
2024-12-24T21:22:30,34.8722,32.1322,21.0,4.1,AKDENIZ İlksel
2024-12-24T21:19:41,34.51,28.6497,6.2,3.7,AKDENIZ İlksel
2024-12-24T21:16:35,34.7835,32.0237,11.4,2.5,AKDENIZ İlksel
2024-12-24T21:06:47,38.0732,37.1387,22.5,1.3,KANDILKOY-EKINOZU (KAHRAMANMARAS) İlksel
2024-12-24T21:04:34,38.1287,37.1595,7.7,2.2,GUPLUCE-ELBISTAN (KAHRAMANMARAS) İlksel
2024-12-24T20:58:40,38.5038,39.513,8.6,1.7,PLAJKOY-MADEN (ELAZIG) İlksel
2024-12-24T20:57:50,37.1855,28.8002,17.0,1.9,KARACAOREN-(MUGLA) İlksel
2024-12-24T20:53:47,37.1485,28.8237,9.9,1.9,KARACAOREN-(MUGLA) İlksel
2024-12-24T20:46:34,37.3257,28.7957,5.0,1.5,ALANYURT-KALE (DENIZLI) İlksel
2024-12-24T20:05:50,37.13,28.8107,5.4,2.0,KARACAOREN-(MUGLA) İlksel
2024-12-24T20:04:41,38.0107,37.561,20.9,1.6,TATLAR-NURHAK (KAHRAMANMARAS) İlksel
2024-12-24T19:00:20,37.136,28.8163,7.9,3.6,KARACAOREN-(MUGLA) İlksel
2024-12-24T18:51:24,37.1495,28.8282,11.4,3.1,KARACAOREN-(MUGLA) İlksel
2024-12-24T18:41:40,37.137,28.8268,6.2,3.3,KARACAOREN-(MUGLA) İlksel
2024-12-24T18:33:03,37.1463,28.8107,6.0,2.4,KARACAOREN-(MUGLA) İlksel
2024-12-24T18:31:02,37.1197,28.7998,9.4,2.2,YAYLA-KOYCEGIZ (MUGLA) İlksel
2024-12-24T17:57:18,39.3953,40.2745,5.7,2.1,SAMPASAKARADERBENDI-PULUMUR (TUNCELI) İlksel
2024-12-24T17:47:40,40.2012,31.7162,7.3,2.1,SEKLI-BEYPAZARI (ANKARA) İlksel
2024-12-24T16:39:57,35.8037,43.4887,1.9,4.0,IRAK İlksel
2024-12-24T16:20:35,37.2015,36.9585,5.7,1.9,SATIRHUYUK-NURDAGI (GAZIANTEP) İlksel
2024-12-24T16:17:59,37.1725,36.965,10.5,1.9,SAKCAGOZE-NURDAGI (GAZIANTEP) İlksel
2024-12-24T15:28:56,37.1547,28.8347,10.1,2.1,KARACAOREN-(MUGLA) İlksel
2024-12-24T15:28:07,39.9363,39.2873,7.5,2.1,CEMALLI-KELKIT (GUMUSHANE) İlksel
2024-12-24T14:50:20,39.0795,40.3065,19.2,1.8,GUNGOREN-(BINGOL) İlksel
2024-12-24T14:46:41,39.08,40.3055,16.2,1.9,GUNGOREN-(BINGOL) İlksel
2024-12-24T13:26:17,35.2363,33.3645,0.0,1.6,KIBRIS-LEFKOSA İlksel
2024-12-24T13:11:55,39.0292,27.2837,9.1,1.4,CIFTLIKKOY-KINIK (IZMIR) İlksel
2024-12-24T12:26:38,39.653,28.129,8.4,1.9,SEREMETLER-KEPSUT (BALIKESIR) İlksel
2024-12-24T11:39:53,40.3822,33.4137,7.1,2.0,HANCILI-KALECIK (ANKARA) İlksel
2024-12-24T09:46:23,36.1157,28.1068,11.6,2.4,RODOS ADASI (AKDENIZ) İlksel
2024-12-24T09:32:41,37.8778,27.176,11.7,1.7,KUSADASI KORFEZI (EGE DENIZI) İlksel
2024-12-24T08:56:52,40.885,31.6727,11.9,1.4,MESCICELE-(BOLU) İlksel
2024-12-24T08:25:32,41.0812,25.6325,11.8,2.0,YUNANISTAN İlksel
2024-12-24T08:15:55,39.07,27.3007,12.2,2.1,KARATEKELI-KINIK (IZMIR) İlksel
2024-12-24T07:43:31,40.2212,23.1058,5.0,2.9,YUNANISTAN İlksel
2024-12-24T07:39:05,40.1243,23.245,10.2,3.8,YUNANISTAN İlksel
2024-12-24T07:32:49,38.1243,38.4655,3.7,2.1,AKSU-SINCIK (ADIYAMAN) İlksel
2024-12-24T07:30:01,37.2105,36.8007,7.5,1.4,MESTHUYUK-NURDAGI (GAZIANTEP) İlksel
2024-12-24T07:25:51,37.7813,35.6922,8.4,0.9,ORTAKOY-FEKE (ADANA) İlksel
2024-12-24T07:20:11,36.1328,36.0318,4.7,2.3,UZUNBAG-SAMANDAG (HATAY) İlksel
2024-12-24T06:36:47,38.8922,40.138,17.1,1.7,ALTINOLUK-KARAKOCAN (ELAZIG) İlksel
2024-12-24T06:27:04,38.1825,37.4872,5.3,1.5,GUCUK-ELBISTAN (KAHRAMANMARAS) İlksel
2024-12-24T06:26:28,39.3448,26.1348,13.0,1.9,MIDILLI ADASI (EGE DENIZI) İlksel
2024-12-24T05:56:22,37.881,29.2497,4.4,1.1,IRLIGANLI-(DENIZLI) İlksel
2024-12-24T05:22:40,39.0662,42.4068,9.9,1.3,GUMUSPINAR-BULANIK (MUS) İlksel
2024-12-24T05:19:32,35.4673,27.3003,6.7,2.7,AKDENIZ İlksel
2024-12-24T04:42:19,37.3695,36.7485,10.6,1.2,KUCUKIMALI-TURKOGLU (KAHRAMANMARAS) İlksel
2024-12-24T04:20:26,36.2408,28.2062,5.0,2.1,AKDENIZ İlksel
2024-12-24T04:01:01,37.3378,35.4928,6.7,1.3,TOPALLI-ALADAG (ADANA) İlksel
2024-12-24T03:55:36,37.4978,37.2208,5.3,2.2,SOGUTLU-PAZARCIK (KAHRAMANMARAS) İlksel
2024-12-24T03:53:30,39.0965,43.8135,5.0,1.7,GONDERME-MURADIYE (VAN) İlksel
2024-12-24T03:51:51,37.619,36.0257,12.5,2.1,BOZTAHTA-KOZAN (ADANA) İlksel
2024-12-24T03:20:01,36.5093,36.1693,5.0,1.3,MUFTULER-BELEN (HATAY) İlksel
2024-12-24T02:46:31,39.5047,32.7458,5.0,1.8,CULUK-HAYMANA (ANKARA) İlksel
2024-12-24T02:39:35,38.0675,36.718,5.1,1.5,FINDIK-GOKSUN (KAHRAMANMARAS) İlksel
2024-12-24T02:33:29,42.2755,24.0195,5.0,2.8,BULGARISTAN İlksel
2024-12-24T02:29:16,37.5588,35.8547,6.3,1.1,DAGLICA-KOZAN (ADANA) İlksel
2024-12-24T01:34:55,39.4167,28.1337,7.5,1.7,ISIKLAR-BIGADIC (BALIKESIR) İlksel
2024-12-24T00:59:00,35.6983,25.805,5.5,2.3,AKDENIZ İlksel
2024-12-24T00:49:32,37.1833,28.8015,3.8,1.7,KARACAOREN-(MUGLA) İlksel
2024-12-24T00:01:26,37.6493,35.829,6.4,1.7,CAMDERE-KOZAN (ADANA) İlksel
2024-12-23T23:47:20,39.6232,35.3965,3.9,1.5,BEBEKKOY-SARIKAYA (YOZGAT) İlksel
2024-12-23T23:39:41,37.1395,28.8403,9.8,2.3,KARACAOREN-(MUGLA) İlksel
2024-12-23T22:43:08,38.4533,39.2715,5.0,2.0,SIVRICE (ELAZIG) İlksel
2024-12-23T22:29:54,37.6973,38.7132,6.3,1.7,YESILKAYA-KAHTA (ADIYAMAN) İlksel
2024-12-23T21:53:42,37.1435,28.8318,14.6,1.7,KARACAOREN-(MUGLA) İlksel
2024-12-23T21:39:18,38.287,37.8127,5.0,3.2,ORTAKOY-AKCADAG (MALATYA) İlksel
2024-12-23T20:52:23,38.4983,37.5343,5.0,1.3,KARSIYAKA-DARENDE (MALATYA) İlksel
2024-12-23T19:06:06,38.5777,37.3913,2.0,1.7,GUNPINAR-DARENDE (MALATYA) İlksel
2024-12-23T16:00:44,37.1998,28.8628,5.3,1.8,BEYAGAC (DENIZLI) İlksel
2024-12-23T15:40:14,37.5523,36.0592,19.6,1.2,YESILYAYLA-SUMBAS (OSMANIYE) İlksel
2024-12-23T15:33:51,38.8143,27.8303,8.7,2.0,SAZOBA-AKHISAR (MANISA) İlksel
2024-12-23T15:29:55,37.5998,37.2502,5.0,1.9,KAZANLIPINAR-(KAHRAMANMARAS) İlksel
2024-12-23T15:29:15,40.702,29.2513,11.4,2.0,YALOVA ACIKLARI (MARMARA DENIZI) İlksel
2024-12-23T12:13:56,36.8708,27.5693,11.2,1.6,GOKOVA KORFEZI (AKDENIZ) İlksel
2024-12-23T11:13:13,38.4448,37.3158,4.8,1.5,AKARCA-ELBISTAN (KAHRAMANMARAS) İlksel
2024-12-23T10:58:05,37.493,40.3655,5.0,1.6,EKINCILER-MAZIDAGI (MARDIN) İlksel
2024-12-23T09:58:50,39.8427,29.8963,7.7,2.0,ERIKLI-BOZUYUK (BILECIK) İlksel
2024-12-23T09:06:08,37.1572,28.9405,6.4,2.0,ESENLER-BEYAGAC (DENIZLI) İlksel
2024-12-23T08:40:37,36.9367,36.672,5.2,1.7,AGALAROBASI-ISLAHIYE (GAZIANTEP) İlksel
2024-12-23T08:39:14,38.9587,26.1532,5.6,2.2,MIDILLI ADASI GUNEYI (EGE DENIZI) İlksel
2024-12-23T08:07:10,38.1295,36.5187,8.2,1.3,BOZHUYUK-GOKSUN (KAHRAMANMARAS) İlksel
2024-12-23T07:12:01,40.645,29.093,16.9,2.0,CINARCIK (YALOVA) İlksel
2024-12-23T06:42:03,38.1288,38.4603,10.8,1.8,AKSU-SINCIK (ADIYAMAN) İlksel
2024-12-23T06:30:22,37.069,27.8153,14.3,1.9,FESLEGEN-MILAS (MUGLA) İlksel
2024-12-23T06:10:23,39.79,41.7625,7.9,1.9,EYUPLER-KOPRUKOY (ERZURUM) İlksel
2024-12-23T06:01:41,37.4558,37.159,5.6,1.5,DOGANLIKARAHASAN-PAZARCIK (KAHRAMANMARAS) İlksel
2024-12-23T05:45:07,38.2517,38.4177,5.0,1.7,UZUMLU-(MALATYA) İlksel
2024-12-23T05:37:12,38.25,37.9407,7.6,1.8,OREN-AKCADAG (MALATYA) İlksel
2024-12-23T05:23:50,37.84,26.9107,9.7,2.0,KUSADASI KORFEZI (EGE DENIZI) İlksel
2024-12-23T05:20:10,37.1428,28.8218,9.6,2.9,KARACAOREN-(MUGLA) İlksel
2024-12-23T04:17:07,38.6025,38.0028,8.4,1.9,BOGURTLEN-YAZIHAN (MALATYA) İlksel
2024-12-23T04:01:50,37.3722,36.9563,6.8,1.4,OZBEK-TURKOGLU (KAHRAMANMARAS) İlksel
2024-12-23T03:58:33,38.1187,38.461,5.0,1.9,AKSU-SINCIK (ADIYAMAN) İlksel
2024-12-23T03:54:44,38.537,28.2495,8.1,1.6,DURASILLI-SALIHLI (MANISA) İlksel
2024-12-23T03:39:43,38.3278,37.7457,16.4,1.5,KEPEZ-AKCADAG (MALATYA) İlksel
2024-12-23T03:09:37,37.4982,36.8923,5.4,1.6,HACIMUSTAFA-(KAHRAMANMARAS) İlksel
2024-12-23T01:40:14,36.7642,36.0015,8.6,2.1,ISKENDERUN KORFEZI (AKDENIZ) İlksel
2024-12-23T01:37:47,38.3545,38.7858,4.2,2.5,CANAKCI-KALE (MALATYA) İlksel
2024-12-23T01:24:57,39.7833,41.782,5.0,2.8,EYUPLER-KOPRUKOY (ERZURUM) İlksel
2024-12-23T01:15:55,38.5097,28.2342,7.2,1.8,DURASILLI-SALIHLI (MANISA) İlksel
2024-12-22T22:09:52,34.6562,26.2408,8.2,4.8,GIRIT ADASI ACIKLARI (AKDENIZ) İlksel
2024-12-22T21:12:13,36.1312,26.9902,8.1,2.9,AKDENIZ İlksel
2024-12-22T20:39:05,38.8117,37.4413,5.0,2.5,KULAHLI-GURUN (SIVAS) İlksel
2024-12-22T20:18:27,39.4998,38.9343,3.2,2.4,YUCEBELEN-KEMAH (ERZINCAN) İlksel
2024-12-22T19:39:43,38.1308,37.1325,5.6,1.9,GUPLUCE-ELBISTAN (KAHRAMANMARAS) İlksel
2024-12-22T18:29:46,37.1562,28.8455,11.1,1.6,BEYAGAC (DENIZLI) İlksel
2024-12-22T17:10:55,37.8288,36.2633,16.0,1.5,TOPALLAR-SAIMBEYLI (ADANA) İlksel
2024-12-22T16:56:25,38.563,40.4,7.5,2.8,YELKAYA-GENC (BINGOL) İlksel
2024-12-22T16:11:20,37.8363,36.4532,8.9,2.0,GEBEN-ANDIRIN (KAHRAMANMARAS) İlksel
2024-12-22T15:57:52,38.4443,39.2727,5.8,1.8,DUZBAHCE-SIVRICE (ELAZIG) İlksel
2024-12-22T15:08:12,40.8417,27.9512,8.1,3.6,MARMARA EREGLISI ACIKLARI-TEKIRDAG (MARMARA DENIZIİlksel
2024-12-22T14:53:06,34.2837,25.1728,10.4,3.9,GIRIT ADASI ACIKLARI (AKDENIZ) İlksel
2024-12-22T14:28:20,38.3102,38.8427,8.1,1.7,GUNDEGER-PUTURGE (MALATYA) İlksel
2024-12-22T13:55:59,37.7478,35.5892,5.4,1.3,KAPIKAYA-KOZAN (ADANA) İlksel
2024-12-22T13:47:24,38.238,37.2573,20.8,1.6,CITLIK-ELBISTAN (KAHRAMANMARAS) İlksel
2024-12-22T13:01:06,37.9562,36.3317,2.1,2.3,SIRMALI-GOKSUN (KAHRAMANMARAS) İlksel
2024-12-22T13:00:21,39.4945,28.1363,8.2,2.1,ISKELE-BIGADIC (BALIKESIR) İlksel
2024-12-22T12:46:34,38.512,26.869,5.4,2.1,IZMIR KORFEZI (EGE DENIZI) İlksel
2024-12-22T12:42:43,40.7682,33.6147,3.6,3.2,AHLATKOY-(CANKIRI) İlksel
2024-12-22T12:07:36,38.7725,40.0195,9.6,2.6,SARIBUGDAY-KOVANCILAR (ELAZIG) İlksel
2024-12-22T12:02:40,37.1067,27.8708,0.0,1.8,BAYIRKOY-MILAS (MUGLA) İlksel
2024-12-22T11:54:34,36.2465,28.947,14.0,2.3,AKDENIZ İlksel
2024-12-22T11:16:38,37.6715,35.7473,1.6,1.7,YANALERIK-KOZAN (ADANA) İlksel
2024-12-22T11:03:33,37.6388,35.9248,4.1,2.3,CURUKLU-KOZAN (ADANA) İlksel
2024-12-22T10:40:41,39.079,40.1278,6.6,2.0,SARIBASAK-KARAKOCAN (ELAZIG) İlksel
2024-12-22T09:55:50,36.0032,27.1865,10.5,1.9,AKDENIZ İlksel
2024-12-22T09:32:53,38.184,38.5862,13.4,1.8,SOGUTLU-PUTURGE (MALATYA) İlksel
2024-12-22T08:50:13,38.1048,38.4475,8.6,1.5,KARAGOL-CELIKHAN (ADIYAMAN) İlksel
2024-12-22T08:45:32,37.8167,36.5322,5.0,2.6,KUMARLI-(KAHRAMANMARAS) İlksel
2024-12-22T08:09:17,36.3898,36.2658,5.6,2.4,OVAKENT-(HATAY) İlksel
2024-12-22T07:53:03,38.0862,37.0153,27.4,1.4,CALIS-ELBISTAN (KAHRAMANMARAS) İlksel
2024-12-22T07:50:30,37.6838,27.636,11.9,1.8,ESENTEPE-KOCARLI (AYDIN) İlksel
2024-12-22T07:03:09,39.0673,28.0442,5.2,1.4,KOCAKAGAN-AKHISAR (MANISA) İlksel
2024-12-22T04:45:41,35.8797,35.9895,20.0,2.3,YAYLADAGI (HATAY) İlksel
2024-12-22T04:19:37,35.6413,30.8427,11.2,2.2,AKDENIZ İlksel
2024-12-22T03:34:19,38.2983,31.1645,7.9,2.5,YALVAC (ISPARTA) İlksel
2024-12-22T03:29:00,36.5525,26.8417,26.5,2.4,AKDENIZ İlksel
2024-12-22T02:57:39,38.5007,28.2232,10.5,1.5,KARAOGLANLI-SALIHLI (MANISA) İlksel
2024-12-22T02:56:08,36.9705,36.3455,12.4,2.0,KULLU-(OSMANIYE) İlksel
2024-12-22T02:05:15,38.1075,38.4503,15.0,1.4,KARAGOL-CELIKHAN (ADIYAMAN) İlksel
2024-12-22T01:54:22,37.0838,28.5267,19.5,1.7,CICEKLI-ULA (MUGLA) İlksel
2024-12-22T01:23:14,40.4113,28.8383,5.2,1.7,KUMYAKA-MUDANYA (BURSA) İlksel
2024-12-22T01:10:50,37.4753,35.5158,18.1,1.5,DOGANALANI-KOZAN (ADANA) İlksel
2024-12-22T00:55:09,38.3902,37.4848,5.0,1.5,YALINTAS-ELBISTAN (KAHRAMANMARAS) İlksel
2024-12-22T00:53:59,39.852,42.9618,14.3,1.3,AHMETBEY-(AGRI) İlksel
2024-12-22T00:48:23,38.6475,38.0307,7.7,1.4,ALICAN-YAZIHAN (MALATYA) İlksel
2024-12-22T00:40:25,37.7737,35.645,4.8,2.2,GORBEYAZ-KOZAN (ADANA) İlksel
2024-12-22T00:24:08,39.6898,44.3783,7.7,2.2,YENIDOGAN-ARALIK (IGDIR) İlksel
2024-12-21T21:41:07,37.0902,30.5262,2.5,1.5,YAGCA-DOSEMEALTI (ANTALYA) İlksel
2024-12-21T21:28:52,35.0987,34.395,39.7,2.2,AKDENIZ İlksel
2024-12-21T20:50:45,37.125,27.8768,0.0,1.6,BAGDAMLARI-MILAS (MUGLA) İlksel
2024-12-21T20:49:00,37.9947,37.5965,4.0,1.1,GOVDELI-DOGANSEHIR (MALATYA) İlksel
2024-12-21T20:31:28,40.9518,28.7407,13.8,3.0,AVCILAR (ISTANBUL) İlksel
2024-12-21T20:07:37,37.7735,36.57,8.7,1.5,KAYNAR-(KAHRAMANMARAS) İlksel
2024-12-21T19:59:40,37.8695,36.0507,14.1,1.3,HIMMETLI-SAIMBEYLI (ADANA) İlksel
2024-12-21T19:04:26,40.7358,27.4023,13.6,2.5,GUZELKOY ACIKLARI-TEKIRDAG (MARMARA DENIZI) İlksel
2024-12-21T18:24:30,38.328,39.4263,4.5,1.4,KOCKONAGI-MADEN (ELAZIG) İlksel
2024-12-21T17:52:45,39.2835,44.0757,5.0,2.2,SOGUKSU-CALDIRAN (VAN) İlksel
2024-12-21T17:52:16,38.1552,38.8027,15.7,1.8,GOKCELI-PUTURGE (MALATYA) İlksel
2024-12-21T17:41:24,39.7252,26.3817,6.2,1.4,CARIKSIZ-EZINE (CANAKKALE) İlksel
2024-12-21T17:21:45,39.3105,37.643,2.9,1.2,KABAKCEVLIGI-KANGAL (SIVAS) İlksel
2024-12-21T16:34:04,38.4273,27.3758,13.1,1.9,KIZILUZUM-KEMALPASA (IZMIR) İlksel
2024-12-21T16:05:27,37.9552,36.6545,14.5,1.8,ELMALI-GOKSUN (KAHRAMANMARAS) İlksel
2024-12-21T13:54:29,40.0975,23.306,12.1,2.9,YUNANISTAN İlksel
2024-12-21T13:45:31,38.118,36.8618,7.5,2.1,KAMISCIK-GOKSUN (KAHRAMANMARAS) İlksel
2024-12-21T13:40:51,37.3112,37.0248,5.0,2.2,CENNETPINARI-PAZARCIK (KAHRAMANMARAS) İlksel
2024-12-21T12:28:07,37.1252,27.8518,0.0,2.0,PINARARASI-MILAS (MUGLA) İlksel
2024-12-21T12:03:02,38.2517,38.5775,10.0,2.3,TANISIK-(MALATYA) İlksel
2024-12-21T11:52:30,37.7802,36.5285,7.9,2.4,KAYNAR-(KAHRAMANMARAS) İlksel
2024-12-21T10:04:27,41.0657,37.4173,13.4,1.9,ESKIKIZILCAKESE-UNYE (ORDU) İlksel
2024-12-21T09:31:49,38.2657,37.7917,8.0,2.0,CEVIRME-AKCADAG (MALATYA) İlksel
2024-12-21T09:23:39,38.1093,38.5445,3.7,1.8,ARIKONAK-SINCIK (ADIYAMAN) İlksel
2024-12-21T08:00:11,39.0315,40.4108,5.0,2.1,BALIKLICAY-(BINGOL) İlksel
2024-12-21T07:10:48,37.8653,29.3063,6.6,2.0,GURLEYIK-HONAZ (DENIZLI) İlksel
2024-12-21T06:11:21,38.3453,38.2068,4.1,1.9,TOPSOGUT-(MALATYA) İlksel
2024-12-21T06:10:38,37.1262,27.9112,12.5,1.8,SEKKOY-MILAS (MUGLA) İlksel
2024-12-21T04:35:48,40.0965,24.8123,9.4,3.1,EGE DENIZI İlksel
2024-12-21T03:53:36,38.1793,37.074,16.3,1.1,KALEALTI-ELBISTAN (KAHRAMANMARAS) İlksel
2024-12-21T03:23:33,38.8123,37.4115,9.6,1.7,YUVA-GURUN (SIVAS) İlksel
2024-12-21T03:08:02,38.2503,37.7965,15.8,1.1,DEDEYAZI-DOGANSEHIR (MALATYA) İlksel
2024-12-21T03:04:32,38.202,38.6333,7.0,1.7,SOGUTLU-PUTURGE (MALATYA) İlksel
2024-12-21T03:00:27,38.237,37.4103,21.4,1.1,KOSEYAHYA-ELBISTAN (KAHRAMANMARAS) İlksel
2024-12-21T02:14:20,39.155,26.8742,9.6,2.0,GOKCEAGIL-DIKILI (IZMIR) İlksel
2024-12-21T02:08:01,39.9815,45.6125,5.0,2.9,ERMENISTAN İlksel
2024-12-21T02:03:55,38.3083,38.7483,21.9,1.8,SARIOT-KALE (MALATYA) İlksel
2024-12-21T02:01:55,39.859,45.7235,5.0,4.3,ERMENISTAN İlksel
2024-12-21T01:57:06,38.293,37.799,1.8,2.0,ORTAKOY-AKCADAG (MALATYA) İlksel
2024-12-21T01:41:19,38.2107,37.6857,16.8,1.5,ATMALIKASANLI-ELBISTAN (KAHRAMANMARAS) İlksel
2024-12-21T00:31:15,38.2633,37.0902,2.5,1.8,KARAHUYUK-ELBISTAN (KAHRAMANMARAS) İlksel
2024-12-21T00:06:35,40.2143,31.8507,5.6,2.1,CAKILOBA-BEYPAZARI (ANKARA) İlksel
2024-12-20T23:45:57,37.1427,27.8812,11.9,1.4,BAGDAMLARI-MILAS (MUGLA) İlksel
2024-12-20T23:21:30,38.0372,37.7018,10.5,1.2,BEGRE-DOGANSEHIR (MALATYA) İlksel
2024-12-20T22:55:00,39.1665,26.8492,6.7,2.3,KIRATLI-DIKILI (IZMIR) İlksel
2024-12-20T22:50:14,39.1392,26.882,12.3,3.0,KABAKUM-DIKILI (IZMIR) İlksel
2024-12-20T22:44:31,38.154,38.503,2.3,1.8,AKSU-SINCIK (ADIYAMAN) İlksel
2024-12-20T22:33:20,40.439,23.3837,5.4,2.7,YUNANISTAN İlksel
2024-12-20T21:31:02,38.1445,36.5985,2.0,1.4,YENIYAPAN-GOKSUN (KAHRAMANMARAS) İlksel
2024-12-20T19:53:52,38.1737,38.5527,8.3,1.5,ULUKOY-(MALATYA) İlksel
2024-12-20T19:42:03,38.2565,30.5547,8.6,1.5,AKCIN-DINAR (AFYONKARAHISAR) İlksel
2024-12-20T19:27:56,39.3987,44.4775,12.7,2.4,SARICAVUS-DOGUBAYAZIT (AGRI) İlksel
2024-12-20T19:03:04,37.9137,36.4107,12.3,1.5,BUYUKCAMURLU-GOKSUN (KAHRAMANMARAS) İlksel
2024-12-20T18:48:16,38.5367,27.114,16.6,1.5,YAMANLAR-KARSIYAKA (IZMIR) İlksel
2024-12-20T18:08:03,35.612,27.2773,8.7,2.5,AKDENIZ İlksel
2024-12-20T18:00:58,38.5905,27.1052,17.0,2.1,YAHSELLI-MENEMEN (IZMIR) İlksel
2024-12-20T17:51:01,38.2675,38.1918,6.4,1.5,SEYITUSAGI-YESILYURT (MALATYA) İlksel
2024-12-20T16:08:13,39.8387,39.938,9.2,1.9,OZANLI-CAYIRLI (ERZINCAN) İlksel
2024-12-20T16:02:03,38.5492,40.4203,3.7,2.0,SENLIK-LICE (DIYARBAKIR) İlksel
2024-12-20T15:14:20,38.027,37.5715,9.1,1.8,GOVDELI-DOGANSEHIR (MALATYA) İlksel
2024-12-20T14:55:53,36.4183,33.4007,5.0,1.3,UCOLUK-GULNAR (MERSIN) İlksel
2024-12-20T14:42:02,38.9862,26.1235,26.1,1.9,MIDILLI ADASI GUNEYI (EGE DENIZI) İlksel
2024-12-20T14:07:12,40.6193,27.6347,6.8,1.5,MARMARA DENIZI İlksel
2024-12-20T14:00:59,38.5563,37.9813,21.5,1.7,IRIAGAC-YAZIHAN (MALATYA) İlksel
2024-12-20T13:50:52,36.6618,26.9697,119.0,2.6,KOS ADASI (AKDENIZ) İlksel
2024-12-20T13:26:28,39.5655,27.6093,20.7,1.4,YAREN-IVRINDI (BALIKESIR) İlksel
2024-12-20T13:11:13,38.8413,27.3525,20.5,2.0,ORENCIK-(MANISA) İlksel
2024-12-20T12:50:23,39.4932,28.1513,2.3,2.2,ISKELE-BIGADIC (BALIKESIR) İlksel
2024-12-20T12:49:03,38.661,39.8732,19.8,1.5,UCDEGIRMENLER-PALU (ELAZIG) REVIZE01 (2024.12.20 12:49:08)
2024-12-20T12:43:09,38.1488,38.4595,14.6,1.6,AKSU-SINCIK (ADIYAMAN) İlksel
2024-12-20T12:29:36,38.3037,38.0922,0.0,1.3,AYDINLAR-AKCADAG (MALATYA) İlksel
2024-12-20T12:25:07,37.2695,31.9838,0.0,1.5,CATMAKAYA-SEYDISEHIR (KONYA) İlksel
2024-12-20T11:46:52,38.0948,29.05,3.3,1.2,CINDERE-GUNEY (DENIZLI) İlksel
2024-12-20T10:47:01,39.2252,27.7182,0.0,1.5,DENIS-SOMA (MANISA) İlksel
2024-12-20T07:53:59,38.2287,38.0527,10.5,1.7,KIRLANGIC-YESILYURT (MALATYA) İlksel
2024-12-20T07:11:54,38.2577,38.7593,6.5,1.9,BALPINARI-PUTURGE (MALATYA) İlksel
2024-12-20T06:34:51,38.2287,37.9897,17.9,1.5,DEDEKOY-AKCADAG (MALATYA) İlksel
2024-12-20T05:52:10,37.5415,30.5452,5.0,1.6,ALKAYA-BUCAK (BURDUR) İlksel
2024-12-20T05:44:39,38.4495,39.2325,5.5,2.5,ALINCIK-SIVRICE (ELAZIG) İlksel
2024-12-20T05:37:53,36.1427,31.2937,11.2,2.2,AKDENIZ İlksel
2024-12-20T04:57:05,38.0212,36.737,26.0,1.3,YESILKOY-GOKSUN (KAHRAMANMARAS) İlksel
2024-12-20T04:39:50,40.395,28.4537,11.8,2.3,BOGAZ-KARACABEY (BURSA) İlksel
2024-12-20T04:28:25,37.6308,29.918,5.0,2.3,BUYUKYAKA-YESILOVA (BURDUR) İlksel
2024-12-20T04:21:30,39.1073,39.0323,17.9,1.2,GOZLUCAYIR-CEMISGEZEK (TUNCELI) İlksel
2024-12-20T03:27:05,37.083,36.8848,5.4,2.1,KUZOLUK-NURDAGI (GAZIANTEP) İlksel
2024-12-20T03:22:44,36.8753,28.22,12.3,1.2,YESILBELDE-MARMARIS (MUGLA) İlksel
2024-12-20T03:09:09,40.4037,28.838,10.2,1.8,KUMYAKA-MUDANYA (BURSA) REVIZE01 (2024.12.20 03:09:09)
2024-12-20T03:07:03,40.4037,28.8297,8.0,2.4,KUMYAKA-MUDANYA (BURSA) İlksel
2024-12-20T02:47:59,37.9938,29.5335,9.8,1.6,BOGAZICI-BAKLAN (DENIZLI) İlksel
2024-12-20T02:42:56,38.1227,36.6787,5.4,1.7,KARAOMER-GOKSUN (KAHRAMANMARAS) İlksel
2024-12-20T02:01:03,40.4293,27.1518,15.6,1.9,AKSAZ-BIGA (CANAKKALE) İlksel
2024-12-20T01:29:33,40.4005,28.8192,8.1,2.2,KUMYAKA-MUDANYA (BURSA) İlksel
2024-12-20T01:24:19,38.0845,37.5188,6.0,2.0,SUNNETKOY-ELBISTAN (KAHRAMANMARAS) İlksel
2024-12-20T00:09:37,37.6028,29.9638,3.0,2.0,YARISLI-YESILOVA (BURDUR) İlksel
2024-12-19T23:30:47,37.2022,36.0353,14.0,1.5,BIRKENT-CEYHAN (ADANA) İlksel
2024-12-19T23:23:00,37.1247,36.7458,8.9,1.6,GOZLUHUYUK-NURDAGI (GAZIANTEP) İlksel
2024-12-19T21:52:07,37.316,36.8788,7.6,1.7,BALIKALAN-NURDAGI (GAZIANTEP) İlksel
2024-12-19T21:16:13,39.7453,38.9468,2.4,2.4,AGACSARAY-KEMAH (ERZINCAN) İlksel
2024-12-19T21:11:56,39.7457,38.9533,12.2,1.6,AGACSARAY-KEMAH (ERZINCAN) İlksel
2024-12-19T20:58:46,39.7213,38.9253,3.5,2.3,AGACSARAY-KEMAH (ERZINCAN) İlksel
2024-12-19T20:57:22,40.7048,29.26,8.7,2.5,YALOVA ACIKLARI (MARMARA DENIZI) İlksel
2024-12-19T20:40:40,39.7217,38.9252,8.5,2.2,AGACSARAY-KEMAH (ERZINCAN) İlksel
2024-12-19T20:35:19,39.7257,38.9283,1.1,2.3,AGACSARAY-KEMAH (ERZINCAN) İlksel
2024-12-19T20:05:59,37.5542,26.7617,5.0,1.8,EGE DENIZI İlksel
2024-12-19T19:15:18,39.3835,28.268,8.9,2.8,ADALI-BIGADIC (BALIKESIR) İlksel
2024-12-19T18:51:43,40.4117,28.8413,15.3,2.2,KUMYAKA-MUDANYA (BURSA) İlksel
2024-12-19T18:08:11,40.4637,26.2355,15.0,1.2,SAROS KORFEZI (EGE DENIZI) İlksel
2024-12-19T17:19:54,37.2875,36.2255,7.8,2.0,KARATEPE-KADIRLI (OSMANIYE) İlksel
2024-12-19T17:00:24,39.3162,23.5882,5.5,2.5,YUNANISTAN İlksel
2024-12-19T16:57:04,37.4933,37.2283,6.1,2.5,YARBASI-PAZARCIK (KAHRAMANMARAS) İlksel
2024-12-19T16:13:40,39.1205,40.09,5.0,3.1,OZLUCE-KARAKOCAN (ELAZIG) İlksel
2024-12-19T15:53:35,38.0707,33.4072,9.1,1.1,ESENTEPE-KARATAY (KONYA) İlksel
2024-12-19T15:29:38,35.3567,33.1635,0.0,1.2,KIBRIS-LAPTA İlksel
2024-12-19T15:14:13,40.398,28.8047,6.9,1.8,ZEYTINBAGI-MUDANYA (BURSA) İlksel
2024-12-19T14:39:07,37.902,36.5098,5.0,1.9,DEGIRMENDERE-GOKSUN (KAHRAMANMARAS) İlksel
2024-12-19T14:22:54,36.6167,36.1982,5.4,1.5,CINARLI-ISKENDERUN (HATAY) İlksel
2024-12-19T14:09:25,36.1412,33.6597,0.0,1.5,YESILOVACIK-SILIFKE (MERSIN) İlksel
2024-12-19T13:31:46,37.6678,38.352,15.3,1.5,DISBUDAK-(ADIYAMAN) İlksel
2024-12-19T13:29:09,39.1985,29.2868,0.0,1.5,HAMAMKOY-HISARCIK (KUTAHYA) İlksel
2024-12-19T13:06:39,36.1657,34.3767,5.0,1.6,KURTULUS ACIKLARI-MERSIN (AKDENIZ) İlksel
2024-12-19T13:03:10,35.5415,33.5482,5.0,2.0,AKDENIZ İlksel
2024-12-19T12:57:18,38.4577,39.1755,8.0,2.3,DEDEYOLU-SIVRICE (ELAZIG) İlksel
2024-12-19T12:30:47,39.3105,27.837,0.0,1.6,HAMIDIYE-KIRKAGAC (MANISA) İlksel
2024-12-19T12:28:40,36.4028,33.7373,1.0,0.8,KEBEN-SILIFKE (MERSIN) İlksel
2024-12-19T12:12:35,38.292,34.724,13.1,1.4,AGCASAR-(NIGDE) İlksel
2024-12-19T12:12:01,38.9833,39.5328,9.5,1.5,ASAGITARLACIK-MAZGIRT (TUNCELI) İlksel
2024-12-19T12:06:24,39.3305,27.8675,2.6,2.2,KOCAISKAN-KIRKAGAC (MANISA) İlksel
2024-12-19T12:02:55,37.8923,41.3558,11.9,1.5,ASMADERE-BESIRI (BATMAN) İlksel
2024-12-19T11:59:21,37.456,36.5365,27.1,1.1,COKRAN-(KAHRAMANMARAS) İlksel
2024-12-19T11:55:27,38.2288,38.2822,26.1,1.6,KOZLUK-YESILYURT (MALATYA) İlksel
2024-12-19T11:04:20,37.1195,37.009,0.0,1.6,TERKEN-NURDAGI (GAZIANTEP) İlksel
2024-12-19T10:19:28,39.7558,27.7005,7.7,1.4,TURPLU-(BALIKESIR) İlksel
2024-12-19T09:48:03,38.99,39.1048,26.6,1.2,BULGURTEPE-PERTEK (TUNCELI) İlksel
2024-12-19T09:26:03,40.0985,31.7905,9.9,2.0,KAYABUKU-BEYPAZARI (ANKARA) İlksel
2024-12-19T08:39:18,36.6643,36.4542,5.3,1.7,YUVALI-HASSA (HATAY) İlksel
2024-12-19T07:49:31,38.0,36.5343,6.6,1.3,ASLANBEYCIFTLIGI-GOKSUN (KAHRAMANMARAS) İlksel
2024-12-19T07:29:54,40.0863,36.0672,4.0,1.8,ARPACIKARACAY-SULUSARAY (TOKAT) İlksel
2024-12-19T07:27:28,35.8378,27.1215,14.4,1.6,AKDENIZ İlksel
2024-12-19T07:26:06,38.067,36.64,6.6,1.8,GUCUKSU-GOKSUN (KAHRAMANMARAS) İlksel
2024-12-19T07:15:44,37.7812,35.6623,19.4,1.1,GORBEYAZ-KOZAN (ADANA) İlksel
2024-12-19T06:19:16,40.1407,31.7078,10.6,1.6,ULUKOY-NALLIHAN (ANKARA) İlksel
2024-12-19T06:02:05,35.4927,27.4453,5.0,2.4,AKDENIZ İlksel
2024-12-19T05:55:25,38.0217,29.0852,14.2,1.0,EYMIR-(DENIZLI) İlksel
2024-12-19T05:50:56,37.9625,36.3343,5.0,1.7,SIRMALI-GOKSUN (KAHRAMANMARAS) İlksel
2024-12-19T05:36:05,40.6592,40.5768,8.4,2.0,KAMA-IKIZDERE (RIZE) İlksel
2024-12-19T05:28:16,37.9268,29.4943,10.7,1.4,DENIZLER-CAL (DENIZLI) İlksel
2024-12-19T05:25:12,35.9948,26.8498,12.7,2.0,AKDENIZ İlksel
2024-12-19T05:24:02,40.1728,23.3362,6.3,2.4,YUNANISTAN İlksel
2024-12-19T04:58:41,37.9412,29.4785,7.1,3.7,DENIZLER-CAL (DENIZLI) İlksel
2024-12-19T04:12:35,38.9948,25.9702,13.7,1.7,MIDILLI ADASI GUNEYI (EGE DENIZI) İlksel
2024-12-19T03:42:37,37.7855,37.6687,7.7,1.3,YARBASI-GOLBASI (ADIYAMAN) İlksel
2024-12-19T03:32:17,40.7263,27.458,16.6,2.0,GUZELKOY ACIKLARI-TEKIRDAG (MARMARA DENIZI) İlksel
2024-12-19T03:20:14,36.0002,27.2153,9.3,2.0,AKDENIZ İlksel
2024-12-19T03:05:14,36.2205,28.7943,26.5,1.2,AKDENIZ İlksel
2024-12-19T02:52:14,38.1492,37.0705,4.4,1.1,IGDE-ELBISTAN (KAHRAMANMARAS) İlksel
2024-12-19T02:22:46,40.6297,30.4872,9.2,2.2,KANLICAY-KARAPURCEK (SAKARYA) İlksel
2024-12-19T02:17:32,37.2995,37.0373,5.4,2.2,CENNETPINARI-PAZARCIK (KAHRAMANMARAS) İlksel
2024-12-19T01:47:30,37.7358,36.5315,6.6,1.8,AKGUMUS-ANDIRIN (KAHRAMANMARAS) İlksel
2024-12-19T01:45:13,38.8765,43.503,7.1,2.2,ERMISLER-(VAN) İlksel
2024-12-19T01:26:53,35.5513,26.2307,5.9,2.1,GIRIT ADASI (AKDENIZ) İlksel
2024-12-19T00:47:47,39.2777,36.2515,5.7,1.8,KOMURKAYA-SARKISLA (SIVAS) İlksel
2024-12-19T00:41:24,39.3793,25.6243,10.3,1.5,EGE DENIZI İlksel
2024-12-19T00:34:25,41.0268,33.1988,5.0,1.8,KARAKUZU-BAYRAMOREN (CANKIRI) İlksel
2024-12-19T00:14:47,37.4578,30.6212,4.2,1.5,BUCAK (BURDUR) İlksel
2024-12-18T23:40:24,38.1132,30.9113,13.8,1.5,YENICE-GELENDOST (ISPARTA) İlksel
2024-12-18T21:42:57,35.7302,25.3605,8.2,2.0,GIRIT ADASI (AKDENIZ) İlksel
2024-12-18T21:05:45,37.6108,35.878,6.6,2.1,KARABUCAK-KOZAN (ADANA) İlksel
2024-12-18T20:36:26,36.4473,36.3137,5.3,1.8,OZSOGUKSU-KIRIKHAN (HATAY) İlksel
2024-12-18T20:29:11,38.0037,36.702,6.8,1.5,KIZILOZ-GOKSUN (KAHRAMANMARAS) İlksel
2024-12-18T20:20:27,37.9182,36.499,8.4,1.5,DEGIRMENDERE-GOKSUN (KAHRAMANMARAS) İlksel
2024-12-18T20:18:56,37.5327,26.8713,13.5,1.7,EGE DENIZI İlksel
2024-12-18T20:06:26,37.6255,35.3903,14.5,1.8,YETIMLI-ALADAG (ADANA) İlksel
2024-12-18T19:52:12,38.3802,38.7832,2.3,1.6,KOZLUK-KALE (MALATYA) İlksel
2024-12-18T19:24:24,40.2977,29.497,12.8,1.6,SELIMIYE-YENISEHIR (BURSA) REVIZE01 (2024.12.18 19:24:24)
2024-12-18T18:51:54,39.7593,41.9755,9.1,1.7,YESILOVA-KARAYAZI (ERZURUM) İlksel
2024-12-18T18:06:42,39.1427,42.0728,12.5,1.9,KARAAGIL-BULANIK (MUS) İlksel
2024-12-18T16:48:14,38.0593,29.0352,5.5,2.5,ERTUGRUL-GUNEY (DENIZLI) İlksel
2024-12-18T15:51:39,40.1407,23.1678,6.4,3.0,YUNANISTAN İlksel
2024-12-18T15:05:48,36.9757,27.2507,6.2,1.7,AKYARLAR-BODRUM (MUGLA) İlksel
2024-12-18T15:01:05,38.0348,29.0702,9.5,1.8,BELENARDIC-AKKOY (DENIZLI) İlksel
2024-12-18T14:56:38,38.2023,31.0267,11.7,1.3,CALTI-GELENDOST (ISPARTA) İlksel
2024-12-18T14:26:48,38.5822,39.1527,24.3,1.1,TADIM-(ELAZIG) İlksel
2024-12-18T14:21:43,37.8165,38.2832,3.4,1.7,PALANLI-(ADIYAMAN) İlksel
2024-12-18T14:18:12,39.3483,29.3213,0.0,1.5,SARIAYAK-EMET (KUTAHYA) İlksel
2024-12-18T14:04:05,38.0985,37.2258,14.3,1.4,AKPINAR-EKINOZU (KAHRAMANMARAS) İlksel
2024-12-18T13:42:05,39.5305,28.2125,3.0,1.7,DOGANCAM-BIGADIC (BALIKESIR) İlksel
2024-12-18T13:37:55,39.519,28.1018,26.1,1.2,YENIKOY-BIGADIC (BALIKESIR) İlksel
2024-12-18T13:36:38,39.497,28.1563,10.9,1.4,ISKELE-BIGADIC (BALIKESIR) İlksel
2024-12-18T13:10:47,37.7885,27.0938,5.3,1.8,KUSADASI KORFEZI (EGE DENIZI) İlksel
2024-12-18T13:08:26,39.45,28.0432,16.8,1.5,DEDECINAR-BIGADIC (BALIKESIR) İlksel
2024-12-18T13:07:12,39.4398,28.1587,7.6,2.1,SALMANLI-BIGADIC (BALIKESIR) İlksel
2024-12-18T13:04:06,37.0292,36.9093,9.3,1.6,KUZOLUK-NURDAGI (GAZIANTEP) İlksel
2024-12-18T12:53:29,38.4428,39.2453,4.2,1.8,KURKKOY-SIVRICE (ELAZIG) İlksel
2024-12-18T12:46:47,39.3478,33.4035,0.0,1.4,KUCUKCAMILI-BALA (ANKARA) İlksel
2024-12-18T12:44:19,36.9637,35.7385,5.0,1.2,AGACPINAR-CEYHAN (ADANA) İlksel
2024-12-18T12:18:21,38.2103,37.7788,11.9,2.0,CAVUSLU-DOGANSEHIR (MALATYA) REVIZE01 (2024.12.18 12:18:22)
2024-12-18T11:58:55,35.8688,27.495,8.1,3.5,AKDENIZ İlksel
2024-12-18T11:24:13,38.1118,37.2007,5.8,2.0,AKPINAR-EKINOZU (KAHRAMANMARAS) İlksel
2024-12-18T10:31:12,40.0723,36.0348,16.2,1.4,ARPACIKARACAY-SULUSARAY (TOKAT) İlksel
2024-12-18T09:50:35,36.001,31.0165,12.3,1.7,AKDENIZ İlksel
2024-12-18T09:47:54,38.0732,29.0285,11.1,1.3,ERTUGRUL-GUNEY (DENIZLI) İlksel
2024-12-18T09:46:57,40.3123,24.176,8.8,2.6,YUNANISTAN İlksel
2024-12-18T09:43:59,38.1208,37.1407,2.5,1.8,GUPLUCE-ELBISTAN (KAHRAMANMARAS) İlksel
2024-12-18T09:25:48,40.7978,31.0448,13.7,1.8,ICMELER-GOLYAKA (DUZCE) İlksel
2024-12-18T08:52:12,36.4292,31.8115,16.8,2.2,ANTALYA KORFEZI (AKDENIZ) İlksel
2024-12-18T06:57:57,40.1577,31.7248,5.0,1.8,SEKLI-BEYPAZARI (ANKARA) İlksel
2024-12-18T06:51:46,38.1675,30.9288,4.3,2.6,AKDAG-GELENDOST (ISPARTA) İlksel
2024-12-18T06:44:44,40.8167,31.3268,12.2,1.7,SARICOKEK-KAYNASLI (DUZCE) İlksel
2024-12-18T06:26:04,38.0763,29.0533,7.8,1.8,ERTUGRUL-GUNEY (DENIZLI) İlksel
2024-12-18T06:16:27,40.3493,24.1413,13.0,1.4,YUNANISTAN İlksel
2024-12-18T06:11:36,40.404,28.8248,7.4,1.6,KUMYAKA-MUDANYA (BURSA) İlksel
2024-12-18T05:41:32,37.055,36.9182,6.2,2.8,KUZOLUK-NURDAGI (GAZIANTEP) İlksel
2024-12-18T05:30:37,38.0702,29.0522,7.5,1.7,BELENARDIC-AKKOY (DENIZLI) İlksel
2024-12-18T04:50:14,38.0865,37.742,7.7,1.6,SOGUT-DOGANSEHIR (MALATYA) İlksel
2024-12-18T04:35:30,38.4267,38.8392,17.2,1.0,GULENKOY-KALE (MALATYA) İlksel
2024-12-18T04:16:03,37.8608,36.6785,8.2,1.1,SAHINKAYASI-(KAHRAMANMARAS) İlksel
2024-12-18T04:09:53,36.8387,36.3747,2.7,1.3,KAPILI-DORTYOL (HATAY) İlksel
2024-12-18T04:06:24,40.8083,27.7945,14.2,1.1,MARMARA DENIZI İlksel
2024-12-18T04:03:11,38.2355,38.656,5.0,1.7,KAVAKLIDERE-PUTURGE (MALATYA) İlksel
2024-12-18T03:56:44,38.0762,29.0552,2.3,1.9,ERTUGRUL-GUNEY (DENIZLI) İlksel
2024-12-18T03:56:06,38.7182,38.8805,7.8,1.5,ASAGICAKMAK-KEBAN (ELAZIG) İlksel
2024-12-18T03:41:26,39.7233,26.0625,16.8,1.4,TAVAKLI ACIKLARI-CANAKKALE (EGE DENIZI) İlksel
2024-12-18T03:37:52,37.7695,35.6228,6.4,1.3,YUKARIKECILI-KOZAN (ADANA) İlksel
2024-12-18T03:35:29,38.6237,39.4212,2.3,1.4,YENIKAPI-(ELAZIG) İlksel
2024-12-18T03:16:55,38.0417,29.0352,14.8,1.1,BELENARDIC-AKKOY (DENIZLI) İlksel
2024-12-18T03:08:18,38.0848,29.0513,6.4,2.0,ERTUGRUL-GUNEY (DENIZLI) İlksel
2024-12-18T03:01:23,38.0687,29.0472,7.6,4.0,ERTUGRUL-GUNEY (DENIZLI) İlksel
2024-12-18T02:43:16,35.501,27.0262,9.6,2.1,AKDENIZ İlksel
2024-12-18T02:36:30,38.4695,38.068,8.0,1.4,ILICAK-AKCADAG (MALATYA) İlksel
2024-12-18T02:32:14,40.9693,24.9522,8.1,1.6,YUNANISTAN İlksel
2024-12-18T02:31:32,39.5553,28.212,3.4,1.9,TILKICIK-KEPSUT (BALIKESIR) İlksel
2024-12-18T02:28:05,38.9975,40.5277,5.3,1.5,KURTULUS-(BINGOL) İlksel
2024-12-18T02:19:28,35.7187,31.369,5.0,2.5,AKDENIZ İlksel
2024-12-18T02:16:39,38.6283,39.4912,7.6,1.4,ELMAPINARI-(ELAZIG) İlksel
2024-12-18T02:13:03,39.4073,42.9893,2.8,1.8,SULEYMANKUMBET-HAMUR (AGRI) İlksel
2024-12-18T02:05:45,38.4323,31.7793,26.4,0.8,KONARI-TUZLUKCU (KONYA) İlksel
2024-12-18T01:48:39,38.143,38.6075,5.6,1.6,TEKEDERESI-PUTURGE (MALATYA) İlksel
2024-12-18T01:10:38,38.3162,38.7907,5.0,1.7,BOLUKKAYA-PUTURGE (MALATYA) İlksel
2024-12-18T00:55:26,39.3763,28.2507,6.2,3.0,DURASILAR-BIGADIC (BALIKESIR) İlksel
2024-12-18T00:24:02,39.0485,27.4915,7.6,1.6,KALEMKOY-KINIK (IZMIR) İlksel
2024-12-18T00:01:43,39.4145,25.942,12.9,2.2,BADEMLI ACIKLARI-CANAKKALE (EGE DENIZI) İlksel
2024-12-17T23:58:30,39.431,25.9097,8.3,1.4,BADEMLI ACIKLARI-CANAKKALE (EGE DENIZI) İlksel
2024-12-17T22:38:26,38.367,38.8328,5.4,1.8,AKUSAGI-KALE (MALATYA) İlksel
